record_type,event_id,event_name,generated_at,scheduled_date,tour,surface,best_of,fav_player_id,fav_name,fav_final_win_pct,fav_sim_win_pct,fav_elo_win_pct,fav_elo_rank,fav_elo_percentile,fav_serve_percentile,fav_return_percentile,fav_low_sample,fav_proj_games_won,fav_proj_games_lost,fav_proj_aces,fav_proj_dfs,fav_proj_1stIn_pct,fav_proj_1stWon_pct,fav_proj_2ndWon_pct,fav_proj_ret_won_pct,fav_proj_bp_faced,fav_proj_bp_saved,fav_ml_odds,fav_ml_book,fav_chart_elo_overall_pctile,fav_chart_elo_overall_rank,fav_chart_elo_overall_rank_qualified,fav_chart_elo_surface_rank,fav_chart_elo_surface_rank_qualified,tour_pool_size,fav_chart_elo_surface_pctile,fav_chart_svc_games_won_pctile,fav_chart_ret_games_won_pctile,fav_chart_aces_per_match_pctile,fav_chart_dfs_per_match_pctile,fav_chart_1st_serve_won_pctile,fav_chart_2nd_serve_won_pctile,fav_chart_bp_saved_pctile,fav_chart_sample_svpt,dog_player_id,dog_name,dog_final_win_pct,dog_sim_win_pct,dog_elo_win_pct,dog_elo_rank,dog_elo_percentile,dog_serve_percentile,dog_return_percentile,dog_low_sample,dog_proj_games_won,dog_proj_games_lost,dog_proj_aces,dog_proj_dfs,dog_proj_1stIn_pct,dog_proj_1stWon_pct,dog_proj_2ndWon_pct,dog_proj_ret_won_pct,dog_proj_bp_faced,dog_proj_bp_saved,dog_ml_odds,dog_ml_book,dog_chart_elo_overall_pctile,dog_chart_elo_overall_rank,dog_chart_elo_overall_rank_qualified,dog_chart_elo_surface_rank,dog_chart_elo_surface_rank_qualified,dog_chart_elo_surface_pctile,dog_chart_svc_games_won_pctile,dog_chart_ret_games_won_pctile,dog_chart_aces_per_match_pctile,dog_chart_dfs_per_match_pctile,dog_chart_1st_serve_won_pctile,dog_chart_2nd_serve_won_pctile,dog_chart_bp_saved_pctile,dog_chart_sample_svpt,proj_total_games,proj_total_games_raw,market_total_line,market_total_over_odds,market_total_under_odds,market_spread_line,market_spread_fav_odds,market_spread_dog_odds,hard_low_sample_flag,market,pick_side,pick_odds,pick_book,fav_odds,fav_model_prob,fav_market_prob,dog_odds,dog_model_prob,dog_market_prob,line,edge,grade,meets_threshold
MATCH,182735380,"ATP Gstaad, Switzerland  - Round Of 32","Jul 13, 2026 2:01 AM ET",2026-07-14T16:00:00Z,ATP,Hard,3.0,76995.0,Stan Wawrinka,0.4594,0.5645320051020081,0.5612,86.0,83.0,83.2,33.5,False,13.737,13.026,7.78,2.28,0.593,0.7436,0.526,0.3267,4.563,3.174,169.0,BetfairUK,81.4,94.0,True,70.0,True,499.0,86.2,81.0,33.5,81.2,70.3,83.2,77.4,66.6,2159.0,290058.0,Jaime Faria,0.5406,0.43546799489799193,0.4388,102.0,79.8,58.4,73.7,False,13.026,13.737,5.19,3.26,0.6163,0.702,0.5049,0.364,5.281,3.579,-210.0,BetfairUK,80.8,97.0,True,111.0,True,78.0,58.1,73.7,53.2,40.2,58.4,59.0,26.5,1184.0,23.57,24.65,22.5,-120.0,-110.0,2.5,240.0,-400.0,False,,,,,,,,,,,,,,
BESTBET,182735380,,,,,,,,Stan Wawrinka,,,,,,,,,,,,,,,,,,,,,,,,,,,,,,,,,,,,,Jaime Faria,,,,,,,,,,,,,,,,,,,,,,,,,,,,,,,,,,,,,,,,,,,,Moneyline,Stan Wawrinka,169.0,BetfairUK,169.0,0.4594291069057874,0.3543262087095668,-210.0,0.5405708930942126,0.6456737912904332,,0.05732885356157487,B+,True
BESTBET,182735380,,,,,,,,Stan Wawrinka,,,,,,,,,,,,,,,,,,,,,,,,,,,,,,,,,,,,,Jaime Faria,,,,,,,,,,,,,,,,,,,,,,,,,,,,,,,,,,,,,,,,,,,,Games Spread,Stan Wawrinka -2.5,240.0,DraftKings,240.0,0.3972,0.26881720430107525,-400.0,0.6028,0.7311827956989247,2.5,0.028529510155316615,D,False
BESTBET,182735380,,,,,,,,Over,,,,,,,,,,,,,,,,,,,,,,,,,,,,,,,,,,,,,Under,,,,,,,,,,,,,,,,,,,,,,,,,,,,,,,,,,,,,,,,,,,,Total Games,Over 22.5,-120.0,DraftKings,-120.0,0.5771,0.5101214574898786,-110.0,0.42290000000000005,0.4898785425101214,22.5,0.01164844217567326,D,False
MATCH,182735390,"ATP Gstaad, Switzerland  - Round Of 32","Jul 13, 2026 2:01 AM ET",2026-07-13T09:40:00Z,ATP,Clay,3.0,79310.0,Miomir Kecmanovic,0.7178,0.7255863200245356,0.7154,68.0,86.6,70.1,72.3,False,13.244,10.033,1.68,1.92,0.5946,0.7014,0.5221,0.3778,7.741,4.64,-291.0,BetfairUK,86.4,69.0,True,65.0,True,499.0,87.2,72.3,72.3,15.5,73.5,70.1,72.9,27.9,980.0,281056.0,Kilian Feldbausch,0.2822,0.2744136799754644,0.2846,378.0,24.4,6.8,99.8,False,10.033,13.244,2.3,1.45,0.7912,0.559,0.4681,0.4544,10.086,5.44,229.0,DraftKings,24.0,380.0,False,370.0,False,26.1,12.8,99.8,23.4,87.4,6.8,34.7,0.4,171.0,20.73,21.97,19.5,-225.0,150.0,3.5,-140.0,-100.0,False,,,,,,,,,,,,,,
BESTBET,182735390,,,,,,,,Miomir Kecmanovic,,,,,,,,,,,,,,,,,,,,,,,,,,,,,,,,,,,,,Kilian Feldbausch,,,,,,,,,,,,,,,,,,,,,,,,,,,,,,,,,,,,,,,,,,,,Moneyline,Miomir Kecmanovic,-291.0,BetfairUK,-291.0,0.7178054339092858,0.7100245477940359,229.0,0.28219456609071425,0.28997545220596416,,0.004244119699227192,D,False
BESTBET,182735390,,,,,,,,Miomir Kecmanovic,,,,,,,,,,,,,,,,,,,,,,,,,,,,,,,,,,,,,Kilian Feldbausch,,,,,,,,,,,,,,,,,,,,,,,,,,,,,,,,,,,,,,,,,,,,Games Spread,Miomir Kecmanovic -3.5,-150.0,DraftKings,-150.0,0.5928,0.5454545454545454,-100.0,0.4072,0.4545454545454546,3.5,0.01052121212121213,D,False
BESTBET,182735390,,,,,,,,Over,,,,,,,,,,,,,,,,,,,,,,,,,,,,,,,,,,,,,Under,,,,,,,,,,,,,,,,,,,,,,,,,,,,,,,,,,,,,,,,,,,,Total Games,Under 19.5,150.0,DraftKings,-225.0,0.5918,0.6338028169014084,150.0,0.4082,0.3661971830985916,19.5,0.007304837721984068,D,False
MATCH,182735400,"ATP Gstaad, Switzerland  - Round Of 32","Jul 13, 2026 2:01 AM ET",2026-07-14T16:00:00Z,ATP,Hard,3.0,82782.0,Juan Manuel Cerundolo,0.6891,0.6664260821876243,0.6528,92.0,81.8,57.5,57.0,False,13.621,11.278,4.7,2.66,0.5878,0.7001,0.5062,0.348,5.199,3.502,-294.0,FanDuel,83.8,82.0,True,107.0,True,499.0,78.8,52.7,57.0,49.5,56.3,57.5,60.5,43.2,1215.0,76887.0,Zdenek Kolar,0.3109,0.33357391781237566,0.3472,313.0,37.5,93.6,42.6,True,11.278,13.621,1.95,4.96,0.6179,0.7673,0.2757,0.337,7.264,4.502,231.0,SportingBet,37.5,313.0,False,307.0,False,38.7,26.3,42.6,12.7,5.4,93.6,2.0,57.8,70.0,22.9,23.29,22.5,-100.0,-137.0,3.5,-127.0,105.0,True,,,,,,,,,,,,,,
BESTBET,182735400,,,,,,,,Juan Manuel Cerundolo,,,,,,,,,,,,,,,,,,,,,,,,,,,,,,,,,,,,,Zdenek Kolar,,,,,,,,,,,,,,,,,,,,,,,,,,,,,,,,,,,,,,,,,,,,Moneyline,Zdenek Kolar,231.0,DraftKings,-294.0,0.6891166062005313,0.7118071302134382,231.0,0.3108833937994687,0.2881928697865617,,0.0021659136557774807,D,False
BESTBET,182735400,,,,,,,,Juan Manuel Cerundolo,,,,,,,,,,,,,,,,,,,,,,,,,,,,,,,,,,,,,Zdenek Kolar,,,,,,,,,,,,,,,,,,,,,,,,,,,,,,,,,,,,,,,,,,,,Games Spread,Zdenek Kolar +3.5,110.0,DraftKings,-126.0,0.4769,0.5393395841826336,110.0,0.5231,0.4606604158173664,3.5,0.0024282060515468675,D,False
BESTBET,182735400,,,,,,,,Over,,,,,,,,,,,,,,,,,,,,,,,,,,,,,,,,,,,,,Under,,,,,,,,,,,,,,,,,,,,,,,,,,,,,,,,,,,,,,,,,,,,Total Games,Under 22.5,-143.5,DraftKings,2.5,0.4795,0.5,-143.5,0.5205,0.5,22.5,0.0006239130434782596,D,False
MATCH,182735410,"ATP Gstaad, Switzerland  - Round Of 32","Jul 13, 2026 2:01 AM ET",2026-07-14T16:00:00Z,ATP,Hard,3.0,76879.0,Yannick Hanfmann,0.7344,0.7225844282090802,0.6979,40.0,92.2,86.6,58.4,False,14.015,10.79,7.73,1.43,0.6581,0.7504,0.5731,0.3487,2.828,2.072,-359.0,BetfairUK,91.6,43.0,True,46.0,True,499.0,91.0,96.0,58.4,88.6,89.0,86.6,95.0,41.8,3314.0,77125.0,Pedro Martinez,0.2656,0.2774155717909198,0.3021,157.0,68.7,22.6,18.2,False,10.79,14.015,1.69,4.16,0.6188,0.6335,0.4537,0.3071,6.063,3.906,276.0,FanDuel,71.3,144.0,True,180.0,True,64.1,18.0,18.2,10.0,13.3,22.6,27.3,82.0,1657.0,22.99,23.48,22.5,105.0,-150.0,3.5,-156.0,107.5,False,,,,,,,,,,,,,,
BESTBET,182735410,,,,,,,,Yannick Hanfmann,,,,,,,,,,,,,,,,,,,,,,,,,,,,,,,,,,,,,Pedro Martinez,,,,,,,,,,,,,,,,,,,,,,,,,,,,,,,,,,,,,,,,,,,,Moneyline,Pedro Martinez,276.0,FanDuel,-359.0,0.7344153206258466,0.746246213042613,276.0,0.2655846793741534,0.25375378695738704,,0.006453214045508935,D,False
BESTBET,182735410,,,,,,,,Yannick Hanfmann,,,,,,,,,,,,,,,,,,,,,,,,,,,,,,,,,,,,,Pedro Martinez,,,,,,,,,,,,,,,,,,,,,,,,,,,,,,,,,,,,,,,,,,,,Games Spread,Pedro Martinez +3.5,110.0,DraftKings,-162.0,0.5464,0.5649285951511126,110.0,0.4536,0.4350714048488874,3.5,0.0041174655891361095,D,False
BESTBET,182735410,,,,,,,,Over,,,,,,,,,,,,,,,,,,,,,,,,,,,,,,,,,,,,,Under,,,,,,,,,,,,,,,,,,,,,,,,,,,,,,,,,,,,,,,,,,,,Total Games,Under 22.5,-150.0,DraftKings,110.0,0.4406,0.4424778761061947,-150.0,0.5594,0.5575221238938053,22.5,0.0003265871489034296,D,False
MATCH,182735420,"ATP Gstaad, Switzerland  - Round Of 32","Jul 13, 2026 2:01 AM ET",2026-07-13T08:30:00Z,ATP,Clay,3.0,76881.0,Lorenzo Sonego,0.6738,0.6753655030848514,0.6665,69.0,86.4,41.3,38.1,False,13.691,11.626,3.73,1.95,0.6494,0.655,0.4561,0.3431,4.617,3.149,-239.0,BetfairUK,87.6,63.0,True,80.0,True,499.0,84.2,36.9,38.1,51.8,71.7,41.3,28.7,62.0,822.0,281966.0,Joel Schwaerzler,0.3262,0.32463449691514856,0.3335,325.0,35.1,50.3,21.4,False,11.626,13.691,3.59,3.44,0.6444,0.6702,0.4765,0.324,6.576,4.181,191.0,BetanoBR,34.5,328.0,False,312.0,True,37.7,48.9,21.4,47.3,29.1,50.3,40.1,78.8,458.0,23.63,23.76,23.5,-108.0,-130.0,3.5,125.0,-175.0,False,,,,,,,,,,,,,,
BESTBET,182735420,,,,,,,,Lorenzo Sonego,,,,,,,,,,,,,,,,,,,,,,,,,,,,,,,,,,,,,Joel Schwaerzler,,,,,,,,,,,,,,,,,,,,,,,,,,,,,,,,,,,,,,,,,,,,Moneyline,Lorenzo Sonego,-239.0,BetfairUK,-239.0,0.6738338984843971,0.6723022938839428,191.0,0.3261661015156029,0.3276977061160572,,0.0008354206911569002,D,False
BESTBET,182735420,,,,,,,,Lorenzo Sonego,,,,,,,,,,,,,,,,,,,,,,,,,,,,,,,,,,,,,Joel Schwaerzler,,,,,,,,,,,,,,,,,,,,,,,,,,,,,,,,,,,,,,,,,,,,Games Spread,Lorenzo Sonego -3.5,125.0,DraftKings,125.0,0.4371,0.41121495327102797,-175.0,0.5629,0.588785046728972,3.5,0.005752232606438213,D,False
BESTBET,182735420,,,,,,,,Over,,,,,,,,,,,,,,,,,,,,,,,,,,,,,,,,,,,,,Under,,,,,,,,,,,,,,,,,,,,,,,,,,,,,,,,,,,,,,,,,,,,Total Games,Under 23.5,-130.0,DraftKings,-106.5,0.4611,0.4771133619010518,-130.0,0.5388999999999999,0.5228866380989482,23.5,0.002784932504530756,D,False
MATCH,182735430,"ATP Gstaad, Switzerland  - Round Of 32","Jul 13, 2026 2:01 AM ET",2026-07-14T16:00:00Z,ATP,Hard,3.0,78022.0,Stefanos Tsitsipas,0.4994,0.5513436591593611,0.5508,36.0,93.0,95.6,59.9,False,13.421,12.938,8.46,2.98,0.6183,0.777,0.4983,0.3497,5.399,3.644,113.0,DraftKings,93.4,34.0,True,39.0,True,499.0,92.4,89.6,59.9,85.0,48.6,95.6,54.7,40.3,2577.0,291416.0,Ignacio Buse,0.5006,0.4486563408406389,0.4492,74.0,85.4,77.4,96.8,False,12.938,13.421,4.27,2.92,0.621,0.7308,0.495,0.405,5.795,3.833,-138.0,BetfairUK,84.6,78.0,True,62.0,True,87.8,70.8,96.8,39.1,52.3,77.4,51.1,3.4,1873.0,23.84,24.18,23.5,-105.0,-130.0,1.5,-100.0,-137.0,False,,,,,,,,,,,,,,
BESTBET,182735430,,,,,,,,Stefanos Tsitsipas,,,,,,,,,,,,,,,,,,,,,,,,,,,,,,,,,,,,,Ignacio Buse,,,,,,,,,,,,,,,,,,,,,,,,,,,,,,,,,,,,,,,,,,,,Moneyline,Stefanos Tsitsipas,113.0,DraftKings,113.0,0.4993812704940694,0.44741888182877765,-138.0,0.5006187295059306,0.5525811181712224,,0.02834312109015913,D,False
BESTBET,182735430,,,,,,,,Stefanos Tsitsipas,,,,,,,,,,,,,,,,,,,,,,,,,,,,,,,,,,,,,Ignacio Buse,,,,,,,,,,,,,,,,,,,,,,,,,,,,,,,,,,,,,,,,,,,,Games Spread,Stefanos Tsitsipas -1.5,-100.0,DraftKings,-100.0,0.4674,0.4637964774951076,-137.0,0.5326,0.5362035225048924,1.5,0.0008007827788649724,D,False
BESTBET,182735430,,,,,,,,Over,,,,,,,,,,,,,,,,,,,,,,,,,,,,,,,,,,,,,Under,,,,,,,,,,,,,,,,,,,,,,,,,,,,,,,,,,,,,,,,,,,,Total Games,Over 23.5,-102.5,DraftKings,-102.5,0.5312,0.4695884632363762,-133.5,0.4688,0.5304115367636237,23.5,0.010715049871934564,D,False
MATCH,182735440,"ATP Gstaad, Switzerland  - Round Of 32","Jul 13, 2026 2:01 AM ET",2026-07-13T15:30:00Z,ATP,Clay,3.0,76923.0,Jaume Munar,0.6674,0.5976864176113612,0.597,51.0,90.0,34.3,61.2,False,13.934,13.078,1.88,2.02,0.6539,0.643,0.473,0.3672,4.063,2.878,-339.0,BetfairUK,90.4,49.0,True,61.0,True,499.0,88.0,36.5,61.2,17.7,71.5,34.3,37.3,39.0,870.0,81559.0,Dominic Stricker,0.3326,0.4023135823886388,0.403,128.0,74.5,97.2,16.8,False,13.078,13.934,6.53,1.83,0.5497,0.7748,0.5728,0.3147,4.913,3.364,263.0,DraftKings,74.9,126.0,True,135.0,True,73.1,97.0,16.8,85.9,78.4,97.2,93.3,83.4,252.0,22.28,25.06,19.5,-240.0,160.0,2.5,-200.0,145.0,False,,,,,,,,,,,,,,
BESTBET,182735440,,,,,,,,Jaume Munar,,,,,,,,,,,,,,,,,,,,,,,,,,,,,,,,,,,,,Dominic Stricker,,,,,,,,,,,,,,,,,,,,,,,,,,,,,,,,,,,,,,,,,,,,Moneyline,Dominic Stricker,263.0,DraftKings,-339.0,0.667372231248585,0.737058044885809,263.0,0.332627768751415,0.2629419551141911,,0.038010443802122144,C,False
BESTBET,182735440,,,,,,,,Jaume Munar,,,,,,,,,,,,,,,,,,,,,,,,,,,,,,,,,,,,,Dominic Stricker,,,,,,,,,,,,,,,,,,,,,,,,,,,,,,,,,,,,,,,,,,,,Games Spread,Dominic Stricker +2.5,145.0,DraftKings,-200.0,0.4038,0.6202531645569621,145.0,0.5962000000000001,0.3797468354430379,2.5,0.04810070323488046,C+,False
BESTBET,182735440,,,,,,,,Over,,,,,,,,,,,,,,,,,,,,,,,,,,,,,,,,,,,,,Under,,,,,,,,,,,,,,,,,,,,,,,,,,,,,,,,,,,,,,,,,,,,Total Games,Over 19.5,-240.0,DraftKings,-240.0,0.7856,0.6473029045643153,160.0,0.21440000000000003,0.3526970954356847,19.5,0.024051668771423444,D,False
MATCH,182735450,"ATP Gstaad, Switzerland  - Round Of 32","Jul 13, 2026 2:01 AM ET",2026-07-14T16:00:00Z,ATP,Hard,3.0,77727.0,Aleksandr Shevchenko,0.5584,0.5523773455392814,0.545,97.0,80.8,68.5,25.7,False,13.949,13.208,7.0,2.29,0.6285,0.7169,0.5228,0.3201,4.108,2.905,-145.0,BetfairUK,80.4,99.0,True,80.0,True,499.0,84.2,73.3,25.7,74.5,69.5,68.5,73.3,74.5,3321.0,78679.0,Alexandre Muller,0.4416,0.4476226544607186,0.455,118.0,76.6,46.2,27.9,False,13.208,13.949,4.26,2.9,0.6561,0.6809,0.4879,0.3224,4.863,3.345,119.0,BetanoBR,75.4,124.0,True,114.0,True,77.4,49.1,27.9,39.7,51.2,46.2,44.5,72.3,3421.0,23.74,24.98,22.5,-110.0,-122.0,1.5,-130.0,-105.0,False,,,,,,,,,,,,,,
BESTBET,182735450,,,,,,,,Aleksandr Shevchenko,,,,,,,,,,,,,,,,,,,,,,,,,,,,,,,,,,,,,Alexandre Muller,,,,,,,,,,,,,,,,,,,,,,,,,,,,,,,,,,,,,,,,,,,,Moneyline,Alexandre Muller,119.0,BetfairUK,-145.0,0.558430251295994,0.5644831570527065,119.0,0.441569748704006,0.43551684294729354,,0.0033015849582068006,D,False
BESTBET,182735450,,,,,,,,Aleksandr Shevchenko,,,,,,,,,,,,,,,,,,,,,,,,,,,,,,,,,,,,,Alexandre Muller,,,,,,,,,,,,,,,,,,,,,,,,,,,,,,,,,,,,,,,,,,,,Games Spread,Alexandre Muller +1.5,-102.5,DraftKings,-133.5,0.4986,0.530411536763624,-102.5,0.5014000000000001,0.46958846323637604,1.5,0.00706923039191645,D,False
BESTBET,182735450,,,,,,,,Over,,,,,,,,,,,,,,,,,,,,,,,,,,,,,,,,,,,,,Under,,,,,,,,,,,,,,,,,,,,,,,,,,,,,,,,,,,,,,,,,,,,Total Games,Over 22.5,-110.0,DraftKings,-110.0,0.5903,0.48225249424405225,-128.5,0.40969999999999995,0.5177475057559477,22.5,0.01879087056625179,D,False
MATCH,182865580,"ATP Bastad, Sweden  - Round Of 32","Jul 13, 2026 2:01 AM ET",2026-07-14T16:00:00Z,ATP,Hard,3.0,87038.0,Daniel Altmaier,0.5825,0.5818639963844814,0.576,76.0,85.0,66.7,33.2,False,13.148,12.033,7.71,2.9,0.6148,0.7145,0.4685,0.3265,6.321,4.063,-157.0,Skybet,85.8,72.0,True,81.0,True,499.0,84.0,52.3,33.2,80.4,50.5,66.7,34.1,67.1,4201.0,83808.0,Hugo Gaston,0.4175,0.41813600361551867,0.424,126.0,74.9,35.9,80.0,False,12.033,13.148,2.96,2.45,0.5877,0.6631,0.4395,0.3711,7.258,4.493,129.0,DraftKings,74.3,129.0,True,129.0,True,74.3,19.8,80.0,21.1,66.9,35.9,21.6,20.3,1758.0,22.33,23.15,21.5,-150.0,105.0,3.5,115.0,-175.0,False,,,,,,,,,,,,,,
BESTBET,182865580,,,,,,,,Daniel Altmaier,,,,,,,,,,,,,,,,,,,,,,,,,,,,,,,,,,,,,Hugo Gaston,,,,,,,,,,,,,,,,,,,,,,,,,,,,,,,,,,,,,,,,,,,,Moneyline,Hugo Gaston,129.0,DraftKings,-157.0,0.5825074284227242,0.583150860460967,129.0,0.4174925715772758,0.4168491395390329,,0.00035096292995061664,D,False
BESTBET,182865580,,,,,,,,Daniel Altmaier,,,,,,,,,,,,,,,,,,,,,,,,,,,,,,,,,,,,,Hugo Gaston,,,,,,,,,,,,,,,,,,,,,,,,,,,,,,,,,,,,,,,,,,,,Games Spread,Hugo Gaston +3.5,-175.0,DraftKings,115.0,0.3686,0.4222648752399232,-175.0,0.6314,0.5777351247600768,3.5,0.011925527831094032,D,False
BESTBET,182865580,,,,,,,,Over,,,,,,,,,,,,,,,,,,,,,,,,,,,,,,,,,,,,,Under,,,,,,,,,,,,,,,,,,,,,,,,,,,,,,,,,,,,,,,,,,,,Total Games,Under 21.5,105.0,DraftKings,-150.0,0.5189,0.5515695067264573,105.0,0.48109999999999997,0.4484304932735427,21.5,0.005681653343731704,D,False
MATCH,182865590,"ATP Bastad, Sweden  - Round Of 32","Jul 13, 2026 2:01 AM ET",2026-07-14T16:00:00Z,ATP,Hard,3.0,79644.0,Grigor Dimitrov,0.6921,0.737344640611206,0.7271,22.0,95.8,92.2,26.1,False,13.632,10.764,7.85,3.5,0.6071,0.7642,0.4636,0.3203,4.72,3.197,-211.0,BetfairUK,95.4,24.0,True,19.0,True,499.0,96.4,74.7,26.1,85.2,26.5,92.2,32.1,74.0,1197.0,86539.0,Dalibor Svrcina,0.3079,0.26265535938879403,0.2729,137.0,72.7,27.7,93.6,False,10.764,13.632,1.73,4.07,0.6321,0.6423,0.5004,0.3947,7.319,4.49,170.0,DraftKings,71.9,141.0,True,127.0,True,74.7,34.3,93.6,10.2,17.2,27.7,56.7,6.6,2717.0,22.32,23.15,21.5,-136.0,-105.0,2.5,-150.0,110.0,False,,,,,,,,,,,,,,
BESTBET,182865590,,,,,,,,Grigor Dimitrov,,,,,,,,,,,,,,,,,,,,,,,,,,,,,,,,,,,,,Dalibor Svrcina,,,,,,,,,,,,,,,,,,,,,,,,,,,,,,,,,,,,,,,,,,,,Moneyline,Grigor Dimitrov,-211.0,BetfairUK,-211.0,0.6921082235643744,0.6468718065175428,170.0,0.3078917764356256,0.3531281934824571,,0.024674409298271766,D,False
BESTBET,182865590,,,,,,,,Grigor Dimitrov,,,,,,,,,,,,,,,,,,,,,,,,,,,,,,,,,,,,,Dalibor Svrcina,,,,,,,,,,,,,,,,,,,,,,,,,,,,,,,,,,,,,,,,,,,,Games Spread,Grigor Dimitrov -2.5,-150.0,DraftKings,-150.0,0.6593,0.5575221238938053,110.0,0.3407,0.4424778761061947,2.5,0.0226173058013766,D,False
BESTBET,182865590,,,,,,,,Over,,,,,,,,,,,,,,,,,,,,,,,,,,,,,,,,,,,,,Under,,,,,,,,,,,,,,,,,,,,,,,,,,,,,,,,,,,,,,,,,,,,Total Games,Under 21.5,-105.0,DraftKings,-136.0,0.5218,0.5294341055829852,-105.0,0.47819999999999996,0.4705658944170148,21.5,0.0013276705361713326,D,False
MATCH,182865600,"ATP Bastad, Sweden  - Round Of 32","Jul 13, 2026 2:01 AM ET",2026-07-14T16:00:00Z,ATP,Hard,3.0,77701.0,Nuno Borges,0.7154,0.6873636086610806,0.6753,42.0,91.8,77.6,30.1,False,14.179,12.03,5.22,1.95,0.6597,0.7309,0.4894,0.3239,3.426,2.475,-353.0,BetfairUK,92.0,41.0,True,52.0,True,499.0,89.8,76.4,30.1,58.3,78.2,77.6,46.0,70.2,4798.0,605881.0,Moise Kouame,0.2846,0.3126363913389194,0.3247,183.0,63.5,54.5,46.9,False,12.03,14.179,5.55,5.46,0.5794,0.6946,0.5265,0.3399,5.589,3.707,272.0,FanDuel,63.5,183.0,True,177.0,True,64.7,56.3,46.9,58.1,3.0,54.5,77.8,53.3,704.0,21.6,24.71,18.5,-250.0,160.0,1.5,-330.0,200.0,False,,,,,,,,,,,,,,
BESTBET,182865600,,,,,,,,Nuno Borges,,,,,,,,,,,,,,,,,,,,,,,,,,,,,,,,,,,,,Moise Kouame,,,,,,,,,,,,,,,,,,,,,,,,,,,,,,,,,,,,,,,,,,,,Moneyline,Moise Kouame,272.0,FanDuel,-353.0,0.7154374776557204,0.7435113466503601,272.0,0.2845625223442796,0.2564886533496399,,0.015313019451621659,D,False
BESTBET,182865600,,,,,,,,Nuno Borges,,,,,,,,,,,,,,,,,,,,,,,,,,,,,,,,,,,,,Moise Kouame,,,,,,,,,,,,,,,,,,,,,,,,,,,,,,,,,,,,,,,,,,,,Games Spread,Moise Kouame +1.5,200.0,DraftKings,-330.0,0.675,0.6971830985915494,200.0,0.32499999999999996,0.30281690140845063,1.5,0.004929577464788763,D,False
BESTBET,182865600,,,,,,,,Over,,,,,,,,,,,,,,,,,,,,,,,,,,,,,,,,,,,,,Under,,,,,,,,,,,,,,,,,,,,,,,,,,,,,,,,,,,,,,,,,,,,Total Games,Over 18.5,-250.0,DraftKings,-250.0,0.8478,0.6499999999999999,160.0,0.1522,0.3500000000000001,18.5,0.03439999999999999,C,False
MATCH,182865610,"ATP Bastad, Sweden  - Round Of 32","Jul 13, 2026 2:01 AM ET",2026-07-14T16:00:00Z,ATP,Hard,3.0,84582.0,Thiago Agustin Tirante,0.5816,0.5868522082669425,0.5739,85.0,83.2,81.8,73.9,False,14.386,13.149,9.49,2.54,0.6132,0.7409,0.5246,0.3641,3.204,2.344,-153.0,BetanoBR,84.8,77.0,True,102.0,True,499.0,79.8,82.8,73.9,93.6,58.1,81.8,76.4,26.3,1445.0,76916.0,Sebastian Ofner,0.4184,0.4131477917330575,0.4261,130.0,74.1,96.6,15.8,False,13.149,14.386,9.81,4.45,0.558,0.7837,0.4991,0.3034,4.49,3.135,125.0,FanDuel,76.4,119.0,True,149.0,True,70.3,83.0,15.8,93.2,10.3,96.6,55.3,84.4,890.0,23.02,25.53,20.5,-200.0,135.0,3.5,130.0,-197.5,False,,,,,,,,,,,,,,
BESTBET,182865610,,,,,,,,Thiago Agustin Tirante,,,,,,,,,,,,,,,,,,,,,,,,,,,,,,,,,,,,,Sebastian Ofner,,,,,,,,,,,,,,,,,,,,,,,,,,,,,,,,,,,,,,,,,,,,Moneyline,Thiago Agustin Tirante,-153.0,DraftKings,-153.0,0.5816220019986869,0.5763917957304312,125.0,0.41837799800131314,0.4236082042695689,,0.0028528397826849024,D,False
BESTBET,182865610,,,,,,,,Thiago Agustin Tirante,,,,,,,,,,,,,,,,,,,,,,,,,,,,,,,,,,,,,Sebastian Ofner,,,,,,,,,,,,,,,,,,,,,,,,,,,,,,,,,,,,,,,,,,,,Games Spread,Sebastian Ofner +3.5,-197.5,DraftKings,130.0,0.2705,0.3957432657133355,-197.5,0.7295,0.6042567342866645,3.5,0.027831836825185682,D,False
BESTBET,182865610,,,,,,,,Over,,,,,,,,,,,,,,,,,,,,,,,,,,,,,,,,,,,,,Under,,,,,,,,,,,,,,,,,,,,,,,,,,,,,,,,,,,,,,,,,,,,Total Games,Over 20.5,-200.0,DraftKings,-200.0,0.7211,0.6103896103896104,135.0,0.27890000000000004,0.38961038961038963,20.5,0.019253980801806885,D,False
MATCH,182865620,"ATP Bastad, Sweden  - Round Of 32","Jul 13, 2026 2:01 AM ET",2026-07-14T16:00:00Z,ATP,Hard,3.0,76975.0,Nikoloz Basilashvili,0.4529,0.5135287222917881,0.509,125.0,75.2,88.3,53.8,False,13.741,13.394,8.81,5.56,0.5728,0.7545,0.5011,0.3457,4.401,3.092,143.0,BetanoBR,77.0,116.0,True,147.0,True,499.0,70.7,74.9,53.8,89.1,2.8,88.3,57.0,46.3,2535.0,77149.0,Jan Choinski,0.5471,0.48647127770821186,0.491,156.0,68.9,59.1,28.5,False,13.394,13.741,5.16,1.71,0.6451,0.7036,0.5035,0.3228,4.731,3.267,-176.0,BetfairUK,69.5,153.0,True,162.0,True,67.7,64.0,28.5,52.8,87.4,59.1,58.3,71.7,1164.0,23.63,24.76,22.5,-110.0,-122.0,3.5,235.0,-380.0,False,,,,,,,,,,,,,,
BESTBET,182865620,,,,,,,,Nikoloz Basilashvili,,,,,,,,,,,,,,,,,,,,,,,,,,,,,,,,,,,,,Jan Choinski,,,,,,,,,,,,,,,,,,,,,,,,,,,,,,,,,,,,,,,,,,,,Moneyline,Nikoloz Basilashvili,143.0,FanDuel,143.0,0.45287623017727197,0.3922237380627558,-176.0,0.547123769822728,0.6077762619372441,,0.03308317751700882,C,False
BESTBET,182865620,,,,,,,,Nikoloz Basilashvili,,,,,,,,,,,,,,,,,,,,,,,,,,,,,,,,,,,,,Jan Choinski,,,,,,,,,,,,,,,,,,,,,,,,,,,,,,,,,,,,,,,,,,,,Games Spread,Jan Choinski +3.5,-380.0,DraftKings,235.0,0.2302,0.2738163148887621,-380.0,0.7698,0.7261836851112379,3.5,0.009692514419724926,D,False
BESTBET,182865620,,,,,,,,Over,,,,,,,,,,,,,,,,,,,,,,,,,,,,,,,,,,,,,Under,,,,,,,,,,,,,,,,,,,,,,,,,,,,,,,,,,,,,,,,,,,,Total Games,Over 22.5,-110.0,DraftKings,-110.0,0.5903,0.48529411764705876,-125.0,0.40969999999999995,0.5147058823529412,22.5,0.01826189258312024,D,False
MATCH,182865630,"ATP Bastad, Sweden  - Round Of 32","Jul 13, 2026 2:01 AM ET",2026-07-14T16:00:00Z,ATP,Hard,3.0,77825.0,Sebastian Baez,0.8413,0.7380920433116187,0.7278,75.0,85.2,41.9,87.4,False,13.456,10.304,2.18,1.86,0.7324,0.6736,0.4555,0.3804,5.891,3.825,-8300.0,Skybet,85.2,75.0,True,73.0,True,499.0,85.6,50.1,87.4,16.2,81.2,41.9,28.1,12.8,2789.0,281091.0,Max Dahlin,0.1587,0.2619079566883813,0.2722,,,,,True,10.304,13.456,5.07,3.33,0.6315,0.6826,0.4833,0.3908,8.473,4.929,1620.0,DraftKings,,,False,,False,,,,,,,,,0.0,20.01,22.52,17.5,120.0,-162.0,7.5,-100.0,-137.0,True,,,,,,,,,,,,,,
BESTBET,182865630,,,,,,,,Sebastian Baez,,,,,,,,,,,,,,,,,,,,,,,,,,,,,,,,,,,,,Max Dahlin,,,,,,,,,,,,,,,,,,,,,,,,,,,,,,,,,,,,,,,,,,,,Moneyline,Max Dahlin,1620.0,DraftKings,-8300.0,0.8412608933149783,0.9444297433183381,1620.0,0.15873910668502167,0.05557025668166181,,0.009847935682138882,D,False
BESTBET,182865630,,,,,,,,Sebastian Baez,,,,,,,,,,,,,,,,,,,,,,,,,,,,,,,,,,,,,Max Dahlin,,,,,,,,,,,,,,,,,,,,,,,,,,,,,,,,,,,,,,,,,,,,Games Spread,Max Dahlin +7.5,-137.0,FanDuel,-100.0,0.0784,0.4637964774951076,-137.0,0.9216,0.5362035225048924,7.5,0.013999999999999999,D,False
BESTBET,182865630,,,,,,,,Over,,,,,,,,,,,,,,,,,,,,,,,,,,,,,,,,,,,,,Under,,,,,,,,,,,,,,,,,,,,,,,,,,,,,,,,,,,,,,,,,,,,Total Games,Over 17.5,120.0,FanDuel,120.0,0.7769,0.42367399741267786,-162.0,0.22309999999999997,0.5763260025873221,17.5,0.010750356600483717,D,False
MATCH,182865640,"ATP Bastad, Sweden  - Round Of 32","Jul 13, 2026 2:01 AM ET",2026-07-13T12:40:00Z,ATP,Clay,3.0,80572.0,Jesper De Jong,0.6158,0.5773889759910783,0.5688,105.0,79.2,82.7,61.2,False,13.599,12.478,7.02,3.02,0.6345,0.7216,0.4922,0.3672,5.16,3.476,-218.0,BetfairUK,76.8,117.0,True,88.0,True,499.0,82.6,79.6,61.2,90.4,38.9,82.7,50.4,39.0,2670.0,289476.0,Vilius Gaubas,0.3842,0.4226110240089217,0.4312,155.0,69.1,43.7,57.8,False,12.478,13.599,3.15,1.74,0.6924,0.6585,0.5081,0.3645,6.143,3.967,176.0,DraftKings,68.3,159.0,True,148.0,True,70.5,57.4,57.8,36.5,82.1,43.7,62.9,42.4,2233.0,22.76,24.03,21.5,-145.0,2.5,2.5,-150.0,100.0,False,,,,,,,,,,,,,,
BESTBET,182865640,,,,,,,,Jesper De Jong,,,,,,,,,,,,,,,,,,,,,,,,,,,,,,,,,,,,,Vilius Gaubas,,,,,,,,,,,,,,,,,,,,,,,,,,,,,,,,,,,,,,,,,,,,Moneyline,Vilius Gaubas,176.0,DraftKings,-218.0,0.6158082667011759,0.6542275574112735,176.0,0.38419173329882406,0.3457724425887265,,0.020955976750962287,D,False
BESTBET,182865640,,,,,,,,Jesper De Jong,,,,,,,,,,,,,,,,,,,,,,,,,,,,,,,,,,,,,Vilius Gaubas,,,,,,,,,,,,,,,,,,,,,,,,,,,,,,,,,,,,,,,,,,,,Games Spread,Vilius Gaubas +2.5,105.0,DraftKings,-150.0,0.4563,0.5515695067264573,105.0,0.5437000000000001,0.4484304932735427,2.5,0.02117100149476829,D,False
BESTBET,182865640,,,,,,,,Over,,,,,,,,,,,,,,,,,,,,,,,,,,,,,,,,,,,,,Under,,,,,,,,,,,,,,,,,,,,,,,,,,,,,,,,,,,,,,,,,,,,Total Games,Under 21.5,110.0,DraftKings,-150.0,0.5562,0.5575221238938053,110.0,0.4438,0.4424778761061947,21.5,0.0002299345902270018,D,False
MATCH,182865650,"ATP Bastad, Sweden  - Round Of 32","Jul 13, 2026 2:01 AM ET",2026-07-14T16:00:00Z,ATP,Hard,3.0,78985.0,Andrea Pellegrino,0.5122,0.503856516052556,0.501,149.0,70.3,32.7,94.6,False,12.892,12.693,4.82,2.96,0.5687,0.6545,0.4928,0.3984,6.644,4.223,-120.0,DraftKings,71.1,145.0,True,155.0,True,499.0,69.1,29.7,94.6,48.1,50.5,32.7,49.2,5.6,508.0,507385.0,Nicolai Budkov Kjaer,0.4878,0.496143483947444,0.499,164.0,67.3,57.3,28.3,False,12.693,12.892,7.84,2.64,0.6691,0.6991,0.4992,0.3227,6.852,4.338,-101.0,FanDuel,67.1,165.0,True,159.0,True,68.3,64.5,28.3,79.8,60.0,57.3,55.6,72.0,1323.0,22.83,23.17,22.5,-125.0,-111.0,3.5,160.0,-240.0,False,,,,,,,,,,,,,,
BESTBET,182865650,,,,,,,,Andrea Pellegrino,,,,,,,,,,,,,,,,,,,,,,,,,,,,,,,,,,,,,Nicolai Budkov Kjaer,,,,,,,,,,,,,,,,,,,,,,,,,,,,,,,,,,,,,,,,,,,,Moneyline,Nicolai Budkov Kjaer,-101.0,FanDuel,-120.0,0.5121785817207105,0.5205006473888649,-101.0,0.4878214182792895,0.47949935261113513,,0.0045393085462660425,D,False
BESTBET,182865650,,,,,,,,Andrea Pellegrino,,,,,,,,,,,,,,,,,,,,,,,,,,,,,,,,,,,,,Nicolai Budkov Kjaer,,,,,,,,,,,,,,,,,,,,,,,,,,,,,,,,,,,,,,,,,,,,Games Spread,Nicolai Budkov Kjaer +3.5,-240.0,DraftKings,160.0,0.2818,0.3526970954356846,-240.0,0.7182,0.6473029045643154,3.5,0.015754910096818817,D,False
BESTBET,182865650,,,,,,,,Over,,,,,,,,,,,,,,,,,,,,,,,,,,,,,,,,,,,,,Under,,,,,,,,,,,,,,,,,,,,,,,,,,,,,,,,,,,,,,,,,,,,Total Games,Over 22.5,-125.0,DraftKings,-125.0,0.5385,0.5136319376825706,-111.0,0.4615,0.48636806231742935,22.5,0.004324880403031188,D,False
MATCH,182996370,"WTA Athens, Greece  - Round Of 32","Jul 13, 2026 2:01 AM ET",2026-07-14T16:00:00Z,WTA,Hard,3.0,77258.0,Ann Li,0.6487,0.6487351747795927,0.6383,59.0,90.2,88.4,74.3,False,12.965,10.583,5.09,2.36,0.6221,0.6637,0.4707,0.4333,10.759,5.658,-155.0,SportingBet,90.2,59.0,True,64.0,True,589.0,89.3,89.6,74.3,90.3,85.2,88.4,75.6,25.9,4689.0,77970.0,Maria Timofeeva,0.3513,0.35126482522040725,0.3617,153.0,74.2,28.7,89.6,False,10.583,12.965,2.55,3.28,0.6422,0.5671,0.44,0.454,12.194,5.928,118.0,SportingBet,74.4,152.0,True,155.0,True,73.9,32.2,89.6,57.8,65.7,28.7,55.9,10.6,1140.0,22.36,22.36,,,,,,,False,,,,,,,,,,,,,,
MATCH,182996380,"WTA Athens, Greece  - Round Of 32","Jul 13, 2026 2:01 AM ET",2026-07-14T16:00:00Z,WTA,Hard,3.0,80127.0,Aliaksandra Sasnovich,0.5832,0.5832030799038395,0.5732,85.0,85.7,72.3,83.1,False,12.746,11.117,3.11,4.26,0.6523,0.6304,0.4507,0.444,11.312,5.814,-155.0,SportingBet,84.6,92.0,True,74.0,True,589.0,87.6,75.8,83.1,67.5,39.9,72.3,62.5,17.0,4282.0,78031.0,Anna Blinkova,0.4168,0.41679692009616054,0.4268,108.0,81.8,29.3,65.6,False,11.117,12.746,1.49,4.66,0.6542,0.5681,0.4142,0.4246,12.251,5.94,120.0,SportingBet,82.9,102.0,True,114.0,True,80.8,27.7,65.6,34.4,30.0,29.3,41.1,34.6,2453.0,22.36,22.36,,,,,,,False,,,,,,,,,,,,,,
MATCH,182996390,"WTA Athens, Greece  - Round Of 32","Jul 13, 2026 2:01 AM ET",2026-07-14T16:00:00Z,WTA,Hard,3.0,163520.0,Tereza Valentova,0.6618,0.6617890200087333,0.653,100.0,83.2,91.3,86.7,False,13.053,10.616,3.8,4.33,0.622,0.6747,0.4272,0.4484,10.079,5.491,-625.0,SportingBet,81.8,108.0,True,83.0,True,589.0,86.1,84.7,86.7,78.1,35.3,91.3,49.2,13.5,3164.0,247282.0,Sofia Costoulas,0.3382,0.3382109799912667,0.347,281.0,52.5,59.8,79.4,False,10.616,13.053,5.89,3.27,0.6473,0.6143,0.4927,0.44,11.57,5.796,400.0,SportingBet,50.6,292.0,True,262.0,True,55.7,78.4,79.4,95.2,66.4,59.8,86.2,20.8,578.0,22.55,22.55,,,,,,,False,,,,,,,,,,,,,,
MATCH,182996400,"WTA Athens, Greece  - Round Of 32","Jul 13, 2026 2:01 AM ET",2026-07-13T16:30:00Z,WTA,Hard,3.0,77915.0,Maria Sakkari,0.7129,0.7128985928949254,0.7023,33.0,94.6,57.0,71.7,False,13.155,9.938,2.97,2.65,0.6516,0.6111,0.478,0.4306,9.92,5.349,-375.0,SportingBet,94.2,35.0,True,24.0,True,589.0,96.1,72.4,71.7,67.0,79.3,57.0,79.8,28.4,3682.0,77167.0,Polina Kudermetova,0.2871,0.2871014071050746,0.2977,115.0,80.6,84.0,68.1,False,9.938,13.155,4.65,6.56,0.5568,0.6533,0.3866,0.427,11.96,5.817,275.0,SportingBet,81.2,112.0,True,120.0,True,79.8,41.7,68.1,87.3,2.9,84.0,25.9,32.0,1793.0,22.21,22.21,,,,,,,False,,,,,,,,,,,,,,
MATCH,182996410,"WTA Athens, Greece  - Round Of 32","Jul 13, 2026 2:01 AM ET",2026-07-13T17:40:00Z,WTA,Hard,3.0,84526.0,Alycia Parks,0.6601,0.6601496938615825,0.6524,110.0,81.5,91.8,48.9,False,12.982,10.626,6.62,7.06,0.5877,0.6786,0.4066,0.4101,9.784,5.363,-1400.0,SportingBet,80.5,116.0,True,107.0,True,589.0,82.0,73.9,48.9,97.4,1.9,91.8,37.0,51.2,4442.0,77443.0,Valentini Grammatikopoulou,0.3399,0.33985030613841744,0.3476,340.0,42.4,27.9,61.8,True,10.626,12.982,1.19,4.14,0.6863,0.5663,0.4965,0.4212,11.339,5.768,700.0,SportingBet,43.6,333.0,False,344.0,False,41.8,50.9,61.8,28.5,42.2,27.9,87.7,38.3,67.0,22.48,22.48,,,,,,,True,,,,,,,,,,,,,,
MATCH,182996420,"WTA Athens, Greece  - Round Of 32","Jul 13, 2026 2:01 AM ET",2026-07-13T14:10:00Z,WTA,Hard,3.0,77056.0,Magda Linette,0.7777,0.7777273963702612,0.7659,31.0,94.9,82.6,48.0,False,13.201,9.019,4.69,2.61,0.6576,0.6507,0.4543,0.4091,8.988,4.989,-625.0,SportingBet,94.7,32.0,True,27.0,True,589.0,95.6,85.9,48.0,89.9,78.4,82.6,64.1,52.1,4180.0,78950.0,Mai Hontama,0.2223,0.22227260362973877,0.2341,240.0,59.4,34.9,80.6,False,9.019,13.201,1.43,4.46,0.6536,0.5806,0.4084,0.4409,11.632,5.582,400.0,SportingBet,64.2,212.0,True,269.0,True,54.5,31.3,80.6,34.8,28.3,34.9,37.8,19.6,810.0,21.65,21.65,,,,,,,False,,,,,,,,,,,,,,
MATCH,182996430,"WTA Athens, Greece  - Round Of 32","Jul 13, 2026 2:01 AM ET",2026-07-13T14:30:00Z,WTA,Hard,3.0,79554.0,Qinwen Zheng,0.7558,0.7558480211669224,0.7436,16.0,97.5,97.6,39.9,False,13.253,9.374,7.65,4.25,0.6289,0.7094,0.4771,0.4026,8.263,4.756,-225.0,SportingBet,97.3,17.0,True,12.0,True,589.0,98.1,97.4,39.9,99.1,32.6,97.6,79.1,60.3,1321.0,162966.0,Jessica Bouzas Maneiro,0.2442,0.2441519788330776,0.2564,79.0,86.8,52.6,82.8,False,9.374,13.253,2.51,6.08,0.6213,0.6061,0.4086,0.4438,10.968,5.57,175.0,SportingBet,86.8,79.0,True,90.0,True,84.9,39.2,82.8,59.5,5.8,52.6,38.1,17.4,3265.0,21.96,21.96,,,,,,,False,,,,,,,,,,,,,,
MATCH,182996440,"WTA Athens, Greece  - Round Of 32","Jul 13, 2026 2:01 AM ET",2026-07-14T16:00:00Z,WTA,Hard,3.0,82180.0,Rebeka Masarova,0.6998,0.6997811143357584,0.6889,91.0,84.7,92.8,24.5,False,13.099,10.079,5.74,4.69,0.6234,0.6816,0.4281,0.3798,8.638,4.962,-625.0,SportingBet,85.2,88.0,True,96.0,True,589.0,83.9,87.2,24.5,95.6,24.5,92.8,49.6,75.6,2552.0,82014.0,Carole Monnet,0.3002,0.30021888566424165,0.3111,423.0,28.4,16.9,48.6,False,10.079,13.099,1.49,6.06,0.6896,0.5398,0.4854,0.4098,10.697,5.555,400.0,SportingBet,28.4,423.0,True,424.0,False,28.2,33.9,48.6,35.3,6.3,16.9,83.1,51.6,305.0,22.24,22.24,,,,,,,False,,,,,,,,,,,,,,
MATCH,182996450,"WTA Athens, Greece  - Round Of 32","Jul 13, 2026 2:01 AM ET",2026-07-14T16:00:00Z,WTA,Hard,3.0,78867.0,Barbora Krejcikova,0.7692,0.7692055527273916,0.7567,17.0,97.3,97.3,77.2,False,13.171,9.093,4.11,5.64,0.611,0.7069,0.4136,0.436,9.421,5.159,-1000.0,SportingBet,97.5,16.0,True,18.0,True,589.0,97.1,90.1,77.2,84.1,8.7,97.3,40.8,23.0,2507.0,81258.0,Viktoriya Tomova,0.2308,0.23079444727260845,0.2433,141.0,76.2,40.2,89.3,False,9.093,13.171,2.12,4.71,0.6819,0.5877,0.412,0.4537,11.889,5.625,575.0,SportingBet,76.6,139.0,True,147.0,True,75.2,39.5,89.3,51.8,22.3,40.2,39.5,10.9,2298.0,21.66,21.66,,,,,,,False,,,,,,,,,,,,,,
MATCH,183517290,"WTA Iasi, Romania  - Round Of 32","Jul 13, 2026 2:01 AM ET",2026-07-13T15:40:00Z,WTA,Clay,3.0,184119.0,Petra Marcinko,0.6693,0.6130520828861334,0.5936,109.0,81.7,78.9,86.2,False,13.083,10.514,2.22,4.63,0.6159,0.632,0.4273,0.4594,8.754,5.004,-350.0,BetanoBR,81.0,113.0,True,98.0,True,589.0,83.5,65.4,86.2,61.2,25.6,78.9,44.5,14.1,771.0,83636.0,Nadia Podoroska,0.3307,0.38694791711386656,0.4064,161.0,72.8,75.1,7.2,True,10.514,13.083,0.0,5.12,0.5855,0.6249,0.3903,0.3226,10.601,5.606,240.0,BetanoBR,73.5,157.0,True,170.0,True,71.3,40.9,7.2,10.3,17.1,75.1,27.4,93.1,0.0,20.87,22.24,19.5,-117.5,-114.0,5.5,-105.0,-133.0,True,,,,,,,,,,,,,,
BESTBET,183517290,,,,,,,,Petra Marcinko,,,,,,,,,,,,,,,,,,,,,,,,,,,,,,,,,,,,,Nadia Podoroska,,,,,,,,,,,,,,,,,,,,,,,,,,,,,,,,,,,,,,,,,,,,Moneyline,Nadia Podoroska,240.0,BetanoUK,-350.0,0.6693309194918473,0.7256097560975611,240.0,0.3306690805081527,0.27439024390243905,,0.005372070766909039,D,False
BESTBET,183517290,,,,,,,,Petra Marcinko,,,,,,,,,,,,,,,,,,,,,,,,,,,,,,,,,,,,,Nadia Podoroska,,,,,,,,,,,,,,,,,,,,,,,,,,,,,,,,,,,,,,,,,,,,Games Spread,Nadia Podoroska +4.5,105.0,BetanoUK,-138.0,0.4117,0.5430984833941255,105.0,0.5883,0.4569015166058745,4.5,0.005109941020882659,D,False
BESTBET,183517290,,,,,,,,Over,,,,,,,,,,,,,,,,,,,,,,,,,,,,,,,,,,,,,Under,,,,,,,,,,,,,,,,,,,,,,,,,,,,,,,,,,,,,,,,,,,,Total Games,Over 19.5,-120.0,BetanoUK,-120.0,0.6204,0.5101214574898786,-110.0,0.37960000000000005,0.4898785425101214,19.5,0.0033563034676993455,D,False
MATCH,183517300,"WTA Iasi, Romania  - Round Of 32","Jul 13, 2026 2:01 AM ET",2026-07-14T16:00:00Z,WTA,Hard,3.0,80635.0,Tamara Zidansek,0.5083,0.5117381108420438,0.5132,161.0,72.8,51.3,42.9,False,12.129,12.126,1.24,2.39,0.6762,0.6042,0.4214,0.4048,11.644,5.906,-110.0,SportingBet,73.2,159.0,True,163.0,True,589.0,72.5,51.8,42.9,29.0,85.8,51.3,44.6,57.3,683.0,79304.0,Emiliana Arango,0.4917,0.4882618891579562,0.4868,150.0,74.7,21.8,75.1,False,12.126,12.129,1.13,3.13,0.7148,0.5542,0.4665,0.4344,11.689,5.95,-115.0,SportingBet,76.4,140.0,True,171.0,True,71.1,37.8,75.1,26.8,72.8,21.8,72.6,25.0,3137.0,21.96,22.41,21.5,-124.0,-109.0,0.5,-111.0,-121.5,False,,,,,,,,,,,,,,
BESTBET,183517300,,,,,,,,Tamara Zidansek,,,,,,,,,,,,,,,,,,,,,,,,,,,,,,,,,,,,,Emiliana Arango,,,,,,,,,,,,,,,,,,,,,,,,,,,,,,,,,,,,,,,,,,,,Moneyline,Tamara Zidansek,-120.0,BetanoUK,-120.0,0.5083152393740551,0.5048923679060665,-115.0,0.4916847606259449,0.4951076320939334,,0.001867020800721047,D,False
BESTBET,183517300,,,,,,,,Tamara Zidansek,,,,,,,,,,,,,,,,,,,,,,,,,,,,,,,,,,,,,Emiliana Arango,,,,,,,,,,,,,,,,,,,,,,,,,,,,,,,,,,,,,,,,,,,,Games Spread,Emiliana Arango +0.5,-118.0,BetanoUK,-111.0,0.4793,0.4928711096627016,-118.0,0.5206999999999999,0.5071288903372984,0.5,0.0030158021472670195,D,False
BESTBET,183517300,,,,,,,,Over,,,,,,,,,,,,,,,,,,,,,,,,,,,,,,,,,,,,,Under,,,,,,,,,,,,,,,,,,,,,,,,,,,,,,,,,,,,,,,,,,,,Total Games,Over 21.5,-120.0,BetanoUK,-120.0,0.5191,0.5101214574898786,-110.0,0.4809,0.4898785425101214,21.5,0.0015614856539341603,D,False
MATCH,183517310,"WTA Iasi, Romania  - Round Of 32","Jul 13, 2026 2:01 AM ET",2026-07-13T12:00:00Z,WTA,Clay,3.0,77251.0,Anna Bondar,0.5529,0.5855783256380894,0.5688,82.0,86.2,79.7,64.6,False,12.979,10.95,4.03,1.82,0.6426,0.6334,0.4804,0.4291,9.567,5.368,-125.0,Caesars,85.1,89.0,True,56.0,True,589.0,90.7,86.7,64.6,88.2,89.3,79.7,74.6,35.6,2483.0,80637.0,Sara Sorribes Tormo,0.4471,0.4144216743619106,0.4312,98.0,83.5,22.5,24.4,False,10.95,12.979,0.93,3.07,0.818,0.5441,0.3366,0.3781,10.894,5.709,-105.0,SportingBet,83.2,100.0,True,97.0,True,83.7,26.9,24.4,32.5,67.8,22.5,13.1,75.8,162.0,21.97,22.44,21.5,-112.5,-120.0,0.5,-135.0,-110.0,False,,,,,,,,,,,,,,
BESTBET,183517310,,,,,,,,Anna Bondar,,,,,,,,,,,,,,,,,,,,,,,,,,,,,,,,,,,,,Sara Sorribes Tormo,,,,,,,,,,,,,,,,,,,,,,,,,,,,,,,,,,,,,,,,,,,,Moneyline,Anna Bondar,-125.0,Caesars,-125.0,0.5529414470830041,0.5203045685279188,-105.0,0.4470585529169959,0.4796954314720812,,0.01780193375731922,D,False
BESTBET,183517310,,,,,,,,Anna Bondar,,,,,,,,,,,,,,,,,,,,,,,,,,,,,,,,,,,,,Sara Sorribes Tormo,,,,,,,,,,,,,,,,,,,,,,,,,,,,,,,,,,,,,,,,,,,,Games Spread,Anna Bondar -0.5,-135.0,BetMGM,-135.0,0.6682,0.5230627306273062,-110.0,0.3318,0.47693726937269376,0.5,0.03225272652726528,C,False
BESTBET,183517310,,,,,,,,Over,,,,,,,,,,,,,,,,,,,,,,,,,,,,,,,,,,,,,Under,,,,,,,,,,,,,,,,,,,,,,,,,,,,,,,,,,,,,,,,,,,,Total Games,Over 21.5,-112.5,BetMGM,-112.5,0.5318,0.4925373134328359,-120.0,0.46819999999999995,0.5074626865671641,21.5,0.006828293316028545,D,False
MATCH,183517320,"WTA Iasi, Romania  - Round Of 32","Jul 13, 2026 2:01 AM ET",2026-07-14T16:00:00Z,WTA,Hard,3.0,77380.0,Paula Badosa,0.6013,0.613765493033915,0.6123,35.0,94.2,89.8,56.0,False,12.725,11.386,5.7,8.29,0.5836,0.6681,0.3955,0.416,9.986,5.475,-175.0,BetanoBR,94.1,36.0,True,35.0,True,589.0,94.2,64.4,56.0,94.0,0.5,89.8,30.5,44.1,1842.0,77058.0,Anhelina Kalinina,0.3987,0.38623450696608497,0.3877,72.0,87.9,61.9,66.8,False,11.386,12.725,2.29,2.03,0.7143,0.6165,0.5015,0.426,10.901,5.74,125.0,BetanoBR,89.3,64.0,True,84.0,True,85.9,86.2,66.8,51.8,90.6,61.9,89.1,33.4,782.0,21.63,22.76,20.5,-120.0,-112.0,3.5,-108.0,-128.0,False,,,,,,,,,,,,,,
BESTBET,183517320,,,,,,,,Paula Badosa,,,,,,,,,,,,,,,,,,,,,,,,,,,,,,,,,,,,,Anhelina Kalinina,,,,,,,,,,,,,,,,,,,,,,,,,,,,,,,,,,,,,,,,,,,,Moneyline,Paula Badosa,-175.0,BetanoUK,-175.0,0.6012752698814434,0.5887850467289719,125.0,0.3987247301185566,0.41121495327102797,,0.0068128489922571825,D,False
BESTBET,183517320,,,,,,,,Paula Badosa,,,,,,,,,,,,,,,,,,,,,,,,,,,,,,,,,,,,,Anhelina Kalinina,,,,,,,,,,,,,,,,,,,,,,,,,,,,,,,,,,,,,,,,,,,,Games Spread,Anhelina Kalinina +2.5,-105.0,BetanoUK,-125.0,0.4992,0.5203045685279188,-105.0,0.5008,0.47969543147208116,2.5,0.004689904117315279,D,False
BESTBET,183517320,,,,,,,,Over,,,,,,,,,,,,,,,,,,,,,,,,,,,,,,,,,,,,,Under,,,,,,,,,,,,,,,,,,,,,,,,,,,,,,,,,,,,,,,,,,,,Total Games,Over 20.5,-120.0,BetanoUK,-120.0,0.6096,0.5101214574898786,-110.0,0.39039999999999997,0.4898785425101214,20.5,0.017300616088716775,D,False
MATCH,183517330,"WTA Iasi, Romania  - Round Of 32","Jul 13, 2026 2:01 AM ET",2026-07-14T16:00:00Z,WTA,Hard,3.0,81413.0,Simona Waltert,0.6105,0.5544261961565353,0.5465,155.0,73.9,48.9,44.1,False,12.634,11.509,2.63,3.45,0.6941,0.6019,0.4986,0.4061,11.18,5.772,-250.0,SportingBet,74.0,154.0,True,161.0,True,589.0,72.8,77.5,44.1,58.4,63.7,48.9,88.9,56.0,1148.0,79598.0,Katarzyna Kawa,0.3895,0.4455738038434647,0.4535,196.0,66.9,30.2,68.9,False,11.509,12.634,2.07,5.31,0.5964,0.5697,0.4012,0.4275,11.979,6.026,180.0,BetanoBR,68.6,186.0,True,242.0,True,59.1,21.5,68.9,46.7,19.3,30.2,33.4,31.1,1436.0,21.5,22.5,20.5,-105.0,-129.0,4.5,-114.0,-119.0,False,,,,,,,,,,,,,,
BESTBET,183517330,,,,,,,,Simona Waltert,,,,,,,,,,,,,,,,,,,,,,,,,,,,,,,,,,,,,Katarzyna Kawa,,,,,,,,,,,,,,,,,,,,,,,,,,,,,,,,,,,,,,,,,,,,Moneyline,Katarzyna Kawa,180.0,BetanoUK,-250.0,0.610546431411601,0.6666666666666667,180.0,0.38945356858839897,0.33333333333333337,,0.03061103741185402,C,False
BESTBET,183517330,,,,,,,,Simona Waltert,,,,,,,,,,,,,,,,,,,,,,,,,,,,,,,,,,,,,Katarzyna Kawa,,,,,,,,,,,,,,,,,,,,,,,,,,,,,,,,,,,,,,,,,,,,Games Spread,Katarzyna Kawa +4.5,-120.0,BetanoUK,-110.0,0.3044,0.48987854251012153,-120.0,0.6956,0.5101214574898785,4.5,0.04121745389113812,C+,False
BESTBET,183517330,,,,,,,,Over,,,,,,,,,,,,,,,,,,,,,,,,,,,,,,,,,,,,,Under,,,,,,,,,,,,,,,,,,,,,,,,,,,,,,,,,,,,,,,,,,,,Total Games,Over 20.5,-105.0,BetanoUK,-105.0,0.5491,0.4796954314720812,-125.0,0.45089999999999997,0.5203045685279188,20.5,0.01207035974398589,D,False
MATCH,183517340,"WTA Iasi, Romania  - Round Of 32","Jul 13, 2026 2:01 AM ET",2026-07-13T14:30:00Z,WTA,Clay,3.0,77032.0,Yulia Putintseva,0.6372,0.611739624007073,0.5918,50.0,91.7,46.7,80.7,False,13.075,10.558,1.57,2.21,0.7157,0.5847,0.4512,0.4504,12.457,5.894,-250.0,SportingBet,91.7,50.0,True,48.0,True,589.0,92.0,58.3,80.7,45.1,83.8,46.7,58.8,19.4,1375.0,83607.0,Clara Burel,0.3628,0.38826037599292695,0.4082,105.0,82.3,2.7,64.7,True,10.558,13.075,3.67,1.6,0.5794,0.4555,0.3659,0.4292,13.715,5.897,175.0,BetanoBR,82.2,106.0,True,99.0,True,83.4,3.6,64.7,84.7,91.9,2.7,20.6,35.4,98.0,21.38,22.27,20.5,-109.0,-124.0,4.5,-104.0,-130.5,False,,,,,,,,,,,,,,
BESTBET,183517340,,,,,,,,Yulia Putintseva,,,,,,,,,,,,,,,,,,,,,,,,,,,,,,,,,,,,,Clara Burel,,,,,,,,,,,,,,,,,,,,,,,,,,,,,,,,,,,,,,,,,,,,Moneyline,Clara Burel,175.0,BetanoUK,-250.0,0.6371951132083558,0.6626506024096386,175.0,0.36280488679164424,0.3373493975903614,,0.006942406145804406,D,False
BESTBET,183517340,,,,,,,,Yulia Putintseva,,,,,,,,,,,,,,,,,,,,,,,,,,,,,,,,,,,,,Clara Burel,,,,,,,,,,,,,,,,,,,,,,,,,,,,,,,,,,,,,,,,,,,,Games Spread,Clara Burel +4.5,-133.0,BetanoUK,-100.0,0.4037,0.46693386773547096,-133.0,0.5963,0.533066132264529,4.5,0.007025985303941213,D,False
BESTBET,183517340,,,,,,,,Over,,,,,,,,,,,,,,,,,,,,,,,,,,,,,,,,,,,,,Under,,,,,,,,,,,,,,,,,,,,,,,,,,,,,,,,,,,,,,,,,,,,Total Games,Over 20.5,-110.0,BetanoUK,-110.0,0.5729,0.48987854251012153,-120.0,0.42710000000000004,0.5101214574898785,20.5,0.007219257173032907,D,False
MATCH,183517350,"WTA Iasi, Romania  - Round Of 32","Jul 13, 2026 2:01 AM ET",2026-07-14T16:00:00Z,WTA,Hard,3.0,80385.0,Elena-Gabriela Ruse,0.6907,0.7026964983405501,0.6941,39.0,93.5,77.9,74.1,False,13.11,10.124,3.84,5.54,0.6119,0.6399,0.4195,0.433,9.187,5.141,-275.0,BetanoBR,93.7,38.0,True,40.0,True,589.0,93.4,63.6,74.1,79.9,13.3,77.9,43.4,26.1,3292.0,462421.0,Kaitlin Quevedo,0.3093,0.29730350165944985,0.3059,171.0,71.1,74.6,38.2,False,10.124,13.11,4.36,2.68,0.6178,0.6343,0.4646,0.4005,11.161,5.662,188.0,BetanoBR,71.1,171.0,True,166.0,True,72.0,77.0,38.2,85.2,79.3,74.6,71.4,62.0,679.0,21.4,22.31,20.5,-105.0,-129.0,4.5,-110.0,-122.5,False,,,,,,,,,,,,,,
BESTBET,183517350,,,,,,,,Elena-Gabriela Ruse,,,,,,,,,,,,,,,,,,,,,,,,,,,,,,,,,,,,,Kaitlin Quevedo,,,,,,,,,,,,,,,,,,,,,,,,,,,,,,,,,,,,,,,,,,,,Moneyline,Elena-Gabriela Ruse,-275.0,BetanoUK,-275.0,0.6906798687075502,0.6786632390745502,188.0,0.30932013129244984,0.3213367609254499,,0.0065545252543636285,D,False
BESTBET,183517350,,,,,,,,Elena-Gabriela Ruse,,,,,,,,,,,,,,,,,,,,,,,,,,,,,,,,,,,,,Kaitlin Quevedo,,,,,,,,,,,,,,,,,,,,,,,,,,,,,,,,,,,,,,,,,,,,Games Spread,Kaitlin Quevedo +4.5,-125.0,BetanoUK,-105.0,0.4585,0.4796954314720812,-125.0,0.5415,0.5203045685279188,4.5,0.004710095882684698,D,False
BESTBET,183517350,,,,,,,,Over,,,,,,,,,,,,,,,,,,,,,,,,,,,,,,,,,,,,,Under,,,,,,,,,,,,,,,,,,,,,,,,,,,,,,,,,,,,,,,,,,,,Total Games,Over 20.5,-105.0,BetanoUK,-105.0,0.5396,0.4796954314720812,-125.0,0.46040000000000003,0.5203045685279188,20.5,0.010418185830942402,D,False
MATCH,183517360,"WTA Iasi, Romania  - Round Of 32","Jul 13, 2026 2:01 AM ET",2026-07-14T16:00:00Z,WTA,Hard,3.0,77434.0,Dalma Galfi,0.4808,0.5945072982941402,0.5755,112.0,81.2,88.9,31.8,False,12.939,10.62,5.29,3.24,0.7072,0.6656,0.4552,0.3922,10.068,5.448,150.0,BetanoBR,81.5,110.0,True,115.0,True,589.0,80.6,93.4,31.8,91.7,66.9,88.9,64.2,68.3,2772.0,87148.0,Maiar Sherif Ahmed Abdelaziz,0.5192,0.4054927017058598,0.4245,124.0,79.1,6.5,32.2,False,10.62,12.939,0.0,1.69,0.7234,0.4968,0.3285,0.3926,11.589,5.84,-200.0,SportingBet,82.0,107.0,True,188.0,True,68.3,7.3,32.2,8.3,93.5,6.5,11.1,68.0,168.0,21.31,22.11,20.5,-114.5,-118.5,,,,False,,,,,,,,,,,,,,
BESTBET,183517360,,,,,,,,Dalma Galfi,,,,,,,,,,,,,,,,,,,,,,,,,,,,,,,,,,,,,Maiar Sherif Ahmed Abdelaziz,,,,,,,,,,,,,,,,,,,,,,,,,,,,,,,,,,,,,,,,,,,,Moneyline,Dalma Galfi,150.0,BetanoUK,150.0,0.48083403683236087,0.36716077537058156,-222.0,0.5191659631676391,0.6328392246294184,,0.06200359716097052,B+,True
BESTBET,183517360,,,,,,,,Over,,,,,,,,,,,,,,,,,,,,,,,,,,,,,,,,,,,,,Under,,,,,,,,,,,,,,,,,,,,,,,,,,,,,,,,,,,,,,,,,,,,Total Games,Over 20.5,-115.0,BetanoUK,-115.0,0.5715,0.5,-115.0,0.4285,0.5,20.5,0.012434782608695634,D,False
MATCH,183517370,"WTA Iasi, Romania  - Round Of 32","Jul 13, 2026 2:01 AM ET",2026-07-13T12:00:00Z,WTA,Clay,3.0,161806.0,Victoria Jimenez Kasintseva,0.4411,0.5150024626614967,0.5186,177.0,70.1,26.4,45.8,False,12.109,12.216,3.09,5.35,0.6505,0.5548,0.4844,0.4094,10.759,5.772,150.0,SportingBet,71.0,172.0,True,186.0,True,589.0,68.6,42.0,45.8,74.4,15.7,26.4,77.0,54.3,745.0,85408.0,Alina Charaeva,0.5589,0.48499753733850326,0.4814,254.0,57.0,51.1,58.8,False,12.216,12.109,3.09,5.29,0.7096,0.5911,0.5006,0.4219,10.672,5.745,-200.0,Caesars,56.4,258.0,True,238.0,True,59.8,77.7,58.8,74.4,16.9,51.1,85.2,41.4,690.0,21.5,22.5,20.5,-120.0,-115.0,,,,False,,,,,,,,,,,,,,
BESTBET,183517370,,,,,,,,Victoria Jimenez Kasintseva,,,,,,,,,,,,,,,,,,,,,,,,,,,,,,,,,,,,,Alina Charaeva,,,,,,,,,,,,,,,,,,,,,,,,,,,,,,,,,,,,,,,,,,,,Moneyline,Victoria Jimenez Kasintseva,150.0,Caesars,150.0,0.44108161901603915,0.36716077537058156,-222.0,0.5589183809839608,0.6328392246294184,,0.040320460170249595,C+,False
BESTBET,183517370,,,,,,,,Over,,,,,,,,,,,,,,,,,,,,,,,,,,,,,,,,,,,,,Under,,,,,,,,,,,,,,,,,,,,,,,,,,,,,,,,,,,,,,,,,,,,Total Games,Over 20.5,-120.0,BetMGM,-120.0,0.5567,0.5069416898056327,-113.0,0.4433,0.4930583101943673,20.5,0.008653619164237786,D,False
MATCH,183517380,"WTA Iasi, Romania  - Round Of 32","Jul 13, 2026 2:01 AM ET",2026-07-14T16:00:00Z,WTA,Hard,3.0,77931.0,Jaqueline Cristian,0.6619,0.6819928878037943,0.6737,38.0,93.7,64.1,55.9,False,13.048,10.481,3.36,3.9,0.6518,0.6184,0.4584,0.4159,8.806,5.007,-200.0,SportingBet,93.9,37.0,True,36.0,True,589.0,94.1,70.2,55.9,74.3,46.4,64.1,67.0,44.3,4409.0,84419.0,Leolia Jeanjean,0.3381,0.3180071121962057,0.3263,111.0,81.3,51.6,33.4,False,10.481,13.048,3.81,4.31,0.6517,0.6046,0.5088,0.3948,10.623,5.58,154.0,BetanoBR,82.5,104.0,True,130.0,True,78.1,78.2,33.4,78.6,35.8,51.6,91.0,66.8,1456.0,21.5,22.5,20.5,-111.0,-121.5,3.5,-129.0,-103.5,False,,,,,,,,,,,,,,
BESTBET,183517380,,,,,,,,Jaqueline Cristian,,,,,,,,,,,,,,,,,,,,,,,,,,,,,,,,,,,,,Leolia Jeanjean,,,,,,,,,,,,,,,,,,,,,,,,,,,,,,,,,,,,,,,,,,,,Moneyline,Jaqueline Cristian,-222.0,BetanoUK,-222.0,0.6619484011972707,0.6419039145907472,160.0,0.3380515988027293,0.3580960854092527,,0.010933356330830982,D,False
BESTBET,183517380,,,,,,,,Jaqueline Cristian,,,,,,,,,,,,,,,,,,,,,,,,,,,,,,,,,,,,,Leolia Jeanjean,,,,,,,,,,,,,,,,,,,,,,,,,,,,,,,,,,,,,,,,,,,,Games Spread,Jaqueline Cristian -3.5,-125.0,BetanoUK,-125.0,0.5356,0.5203045685279188,-105.0,0.46440000000000003,0.47969543147208116,3.5,0.003398984771573608,D,False
BESTBET,183517380,,,,,,,,Over,,,,,,,,,,,,,,,,,,,,,,,,,,,,,,,,,,,,,Under,,,,,,,,,,,,,,,,,,,,,,,,,,,,,,,,,,,,,,,,,,,,Total Games,Over 20.5,-111.0,BetanoUK,-111.0,0.566,0.4928711096627016,-118.0,0.43400000000000005,0.5071288903372984,20.5,0.01271806788474753,D,False
MATCH,184092630,"ATP Umag, Croatia  - Round Of 32","Jul 13, 2026 2:01 AM ET",2026-07-13T16:10:00Z,ATP,Clay,3.0,81273.0,Marco Trungelliti,0.5168,0.5282686304962033,0.5228,167.0,66.7,75.4,63.1,False,13.3,12.77,3.39,3.3,0.6279,0.7097,0.4828,0.369,5.658,3.766,-113.0,DraftKings,64.9,176.0,True,150.0,True,499.0,70.1,68.7,63.1,42.6,33.5,75.4,42.9,37.1,2682.0,81702.0,Kyrian Jacquet,0.4832,0.4717313695037967,0.4772,175.0,65.1,52.1,50.1,False,12.77,13.3,3.19,2.87,0.6484,0.6722,0.4988,0.357,6.121,3.991,-108.0,FanDuel,65.3,174.0,True,175.0,True,65.1,56.7,50.1,37.2,45.5,52.1,57.1,50.0,519.0,23.14,23.77,22.5,-112.0,-120.0,1.5,-102.5,-137.0,False,,,,,,,,,,,,,,
BESTBET,184092630,,,,,,,,Marco Trungelliti,,,,,,,,,,,,,,,,,,,,,,,,,,,,,,,,,,,,,Kyrian Jacquet,,,,,,,,,,,,,,,,,,,,,,,,,,,,,,,,,,,,,,,,,,,,Moneyline,Marco Trungelliti,-113.0,DraftKings,-113.0,0.5168220248894537,0.505375419282704,-108.0,0.4831779751105463,0.494624580717296,,0.006243603058227111,D,False
BESTBET,184092630,,,,,,,,Marco Trungelliti,,,,,,,,,,,,,,,,,,,,,,,,,,,,,,,,,,,,,Kyrian Jacquet,,,,,,,,,,,,,,,,,,,,,,,,,,,,,,,,,,,,,,,,,,,,Games Spread,Marco Trungelliti -1.5,-102.5,DraftKings,-102.5,0.4765,0.4668492360910925,-137.0,0.5235000000000001,0.5331507639089075,1.5,0.0021446142019794223,D,False
BESTBET,184092630,,,,,,,,Over,,,,,,,,,,,,,,,,,,,,,,,,,,,,,,,,,,,,,Under,,,,,,,,,,,,,,,,,,,,,,,,,,,,,,,,,,,,,,,,,,,,Total Games,Over 22.5,-113.5,DraftKings,-113.5,0.558,0.49452877862443545,-119.0,0.44199999999999995,0.5054712213755646,22.5,0.011038473282706887,D,False
MATCH,184092640,"ATP Umag, Croatia  - Round Of 32","Jul 13, 2026 2:01 AM ET",2026-07-14T16:00:00Z,ATP,Hard,3.0,77757.0,Alex Molcan,0.5858,0.5958742360660482,0.5938,71.0,86.0,25.5,35.7,False,13.782,12.885,2.93,1.98,0.7687,0.6367,0.5237,0.3287,4.544,3.16,-152.0,Skybet,86.6,68.0,True,84.0,True,499.0,83.4,46.4,35.7,22.6,80.1,25.5,74.4,64.5,402.0,84271.0,Valentin Royer,0.4142,0.40412576393395183,0.4062,158.0,68.5,66.5,47.4,False,12.885,13.782,6.7,2.21,0.6328,0.7137,0.5257,0.3403,5.366,3.591,125.0,FanDuel,68.1,160.0,True,154.0,True,69.3,73.0,47.4,70.2,75.3,66.5,77.2,52.9,5363.0,22.1,24.71,19.5,-240.0,160.0,3.5,122.5,-182.5,False,,,,,,,,,,,,,,
BESTBET,184092640,,,,,,,,Alex Molcan,,,,,,,,,,,,,,,,,,,,,,,,,,,,,,,,,,,,,Valentin Royer,,,,,,,,,,,,,,,,,,,,,,,,,,,,,,,,,,,,,,,,,,,,Moneyline,Alex Molcan,-152.0,Skybet,-152.0,0.585815905911812,0.5757575757575758,125.0,0.414184094088188,0.4242424242424243,,0.005486361902310645,D,False
BESTBET,184092640,,,,,,,,Alex Molcan,,,,,,,,,,,,,,,,,,,,,,,,,,,,,,,,,,,,,Valentin Royer,,,,,,,,,,,,,,,,,,,,,,,,,,,,,,,,,,,,,,,,,,,,Games Spread,Valentin Royer +3.5,-182.5,DraftKings,122.5,0.2935,0.4102750294998638,-182.5,0.7065,0.5897249705001362,3.5,0.025950006555525304,D,False
BESTBET,184092640,,,,,,,,Over,,,,,,,,,,,,,,,,,,,,,,,,,,,,,,,,,,,,,Under,,,,,,,,,,,,,,,,,,,,,,,,,,,,,,,,,,,,,,,,,,,,Total Games,Over 19.5,-240.0,DraftKings,-240.0,0.7641,0.6473029045643153,160.0,0.2359,0.3526970954356847,19.5,0.02031253833664082,D,False
MATCH,184092650,"ATP Umag, Croatia  - Round Of 32","Jul 13, 2026 2:01 AM ET",2026-07-13T19:00:00Z,ATP,Clay,3.0,229887.0,Dino Prizmic,0.6318,0.558056128647993,0.5501,65.0,87.2,84.8,82.6,False,13.252,12.25,4.4,2.87,0.5999,0.7261,0.5542,0.3928,6.069,3.925,-284.0,BetfairUK,86.0,71.0,True,52.0,True,499.0,89.8,89.0,82.6,59.4,43.8,84.8,89.6,17.6,2719.0,78663.0,Vit Kopriva,0.3682,0.44194387135200697,0.4499,80.0,84.2,51.9,83.4,False,12.25,13.252,3.74,3.36,0.6359,0.6717,0.487,0.3945,6.964,4.361,224.0,FanDuel,82.2,90.0,True,70.0,True,86.2,51.3,83.4,48.3,33.1,51.9,46.8,16.8,2927.0,22.43,23.35,21.5,-118.0,-115.0,4.5,105.0,-150.0,False,,,,,,,,,,,,,,
BESTBET,184092650,,,,,,,,Dino Prizmic,,,,,,,,,,,,,,,,,,,,,,,,,,,,,,,,,,,,,Vit Kopriva,,,,,,,,,,,,,,,,,,,,,,,,,,,,,,,,,,,,,,,,,,,,Moneyline,Vit Kopriva,224.0,FanDuel,-284.0,0.6318068644712178,0.7055576002944425,224.0,0.3681931355287822,0.2944423997055576,,0.04022767408539527,C+,False
BESTBET,184092650,,,,,,,,Dino Prizmic,,,,,,,,,,,,,,,,,,,,,,,,,,,,,,,,,,,,,Vit Kopriva,,,,,,,,,,,,,,,,,,,,,,,,,,,,,,,,,,,,,,,,,,,,Games Spread,Vit Kopriva +4.5,-150.0,DraftKings,105.0,0.2269,0.44843049327354256,-150.0,0.7731,0.5515695067264574,4.5,0.049228998505231686,C+,False
BESTBET,184092650,,,,,,,,Over,,,,,,,,,,,,,,,,,,,,,,,,,,,,,,,,,,,,,Under,,,,,,,,,,,,,,,,,,,,,,,,,,,,,,,,,,,,,,,,,,,,Total Games,Over 21.5,-121.5,DraftKings,-121.5,0.5387,0.5083482291932665,-113.0,0.46130000000000004,0.4916517708067335,21.5,0.005278568835953626,D,False
MATCH,184092660,"ATP Umag, Croatia  - Round Of 32","Jul 13, 2026 2:01 AM ET",2026-07-13T14:00:00Z,ATP,Clay,3.0,77911.0,Damir Dzumhur,0.5271,0.5798789929397454,0.5769,139.0,72.3,16.2,92.6,False,12.893,11.915,0.9,1.6,0.701,0.6061,0.4965,0.4078,7.607,4.626,101.0,DraftKings,73.3,134.0,True,142.0,True,499.0,71.7,28.4,92.6,6.8,85.8,16.2,55.2,7.6,2203.0,262831.0,Henrique Rocha,0.4729,0.42012100706025457,0.4231,273.0,45.5,59.8,76.3,False,11.915,12.893,3.37,4.87,0.6343,0.6851,0.4971,0.3825,8.491,5.05,-123.0,SportingBet,43.5,283.0,True,253.0,True,49.5,61.5,76.3,39.6,6.5,59.8,55.9,23.9,1023.0,21.13,22.77,19.5,-225.0,150.0,3.5,170.0,-260.0,False,,,,,,,,,,,,,,
BESTBET,184092660,,,,,,,,Damir Dzumhur,,,,,,,,,,,,,,,,,,,,,,,,,,,,,,,,,,,,,Henrique Rocha,,,,,,,,,,,,,,,,,,,,,,,,,,,,,,,,,,,,,,,,,,,,Moneyline,Damir Dzumhur,101.0,DraftKings,101.0,0.5270575025520028,0.47423601216426003,-123.0,0.4729424974479972,0.52576398783574,,0.028811722029677862,D,False
BESTBET,184092660,,,,,,,,Damir Dzumhur,,,,,,,,,,,,,,,,,,,,,,,,,,,,,,,,,,,,,Henrique Rocha,,,,,,,,,,,,,,,,,,,,,,,,,,,,,,,,,,,,,,,,,,,,Games Spread,Damir Dzumhur -3.5,170.0,DraftKings,170.0,0.3703,0.3389830508474576,-260.0,0.6296999999999999,0.6610169491525424,3.5,0.0069593220338983255,D,False
BESTBET,184092660,,,,,,,,Over,,,,,,,,,,,,,,,,,,,,,,,,,,,,,,,,,,,,,Under,,,,,,,,,,,,,,,,,,,,,,,,,,,,,,,,,,,,,,,,,,,,Total Games,Over 19.5,-225.0,DraftKings,-225.0,0.6471,0.6338028169014084,150.0,0.3529,0.3661971830985916,19.5,0.00231255358236378,D,False
MATCH,184092670,"ATP Umag, Croatia  - Round Of 32","Jul 13, 2026 2:01 AM ET",2026-07-14T16:00:00Z,ATP,Hard,3.0,250019.0,Alexander Blockx,0.6158,0.5786175137746691,0.5684,67.0,86.8,87.0,82.6,False,14.519,13.532,8.26,1.73,0.65,0.7512,0.5403,0.3747,3.0,2.214,-217.0,Skybet,87.8,62.0,True,85.0,True,499.0,83.2,92.8,82.6,86.8,84.9,87.0,85.2,17.6,1921.0,80486.0,Titouan Droguet,0.3842,0.4213824862253309,0.4316,141.0,71.9,94.2,26.5,False,13.532,14.519,12.36,1.5,0.6323,0.7699,0.5412,0.3207,4.087,2.903,175.0,DraftKings,70.7,147.0,True,126.0,True,74.9,95.2,26.5,99.2,91.0,94.2,85.8,73.7,1321.0,24.75,26.01,23.5,110.0,-150.0,2.5,-133.5,-102.0,False,,,,,,,,,,,,,,
BESTBET,184092670,,,,,,,,Alexander Blockx,,,,,,,,,,,,,,,,,,,,,,,,,,,,,,,,,,,,,Titouan Droguet,,,,,,,,,,,,,,,,,,,,,,,,,,,,,,,,,,,,,,,,,,,,Moneyline,Titouan Droguet,175.0,DraftKings,-217.0,0.6158477445754331,0.653077975376197,175.0,0.3841522554245669,0.34692202462380306,,0.020307398618598507,D,False
BESTBET,184092670,,,,,,,,Alexander Blockx,,,,,,,,,,,,,,,,,,,,,,,,,,,,,,,,,,,,,Titouan Droguet,,,,,,,,,,,,,,,,,,,,,,,,,,,,,,,,,,,,,,,,,,,,Games Spread,Titouan Droguet +2.5,-100.0,FanDuel,-137.0,0.3887,0.5362035225048923,-100.0,0.6113,0.46379647749510766,2.5,0.03277856055664276,C,False
BESTBET,184092670,,,,,,,,Over,,,,,,,,,,,,,,,,,,,,,,,,,,,,,,,,,,,,,Under,,,,,,,,,,,,,,,,,,,,,,,,,,,,,,,,,,,,,,,,,,,,Total Games,Over 23.5,110.0,BetfairUK,110.0,0.5931,0.4424778761061947,-150.0,0.40690000000000004,0.5575221238938053,23.5,0.026195151981531346,D,False
MATCH,184092680,"ATP Umag, Croatia  - Round Of 32","Jul 13, 2026 2:01 AM ET",2026-07-13T16:00:00Z,ATP,Clay,3.0,76967.0,Dusan Lajovic,0.5117,0.5809811090483116,0.5743,101.0,80.0,62.3,48.1,False,13.318,12.159,4.3,1.36,0.6887,0.6886,0.5206,0.3546,5.989,3.91,110.0,SportingBet,79.4,104.0,True,96.0,True,499.0,81.0,77.6,48.1,58.3,88.9,62.3,72.1,52.1,1256.0,162300.0,Luca Van Assche,0.4883,0.4190188909516884,0.4257,164.0,67.3,41.7,80.8,False,12.159,13.318,3.37,3.26,0.6062,0.6556,0.4748,0.3882,6.993,4.379,-150.0,BetfairUK,67.3,164.0,True,160.0,True,68.1,36.7,80.8,40.7,35.7,41.7,38.6,19.3,1221.0,22.47,23.44,21.5,-150.0,110.0,,,,False,,,,,,,,,,,,,,
BESTBET,184092680,,,,,,,,Dusan Lajovic,,,,,,,,,,,,,,,,,,,,,,,,,,,,,,,,,,,,,Luca Van Assche,,,,,,,,,,,,,,,,,,,,,,,,,,,,,,,,,,,,,,,,,,,,Moneyline,Dusan Lajovic,110.0,FanDuel,110.0,0.5117294925772531,0.4424778761061947,-150.0,0.4882705074227469,0.5575221238938053,,0.03777360898421366,C,False
BESTBET,184092680,,,,,,,,Over,,,,,,,,,,,,,,,,,,,,,,,,,,,,,,,,,,,,,Under,,,,,,,,,,,,,,,,,,,,,,,,,,,,,,,,,,,,,,,,,,,,Total Games,Under 21.5,110.0,BetfairUK,-150.0,0.537,0.5575221238938053,110.0,0.46299999999999997,0.4424778761061947,21.5,0.00356906502500959,D,False
MATCH,184092700,"ATP Umag, Croatia  - Round Of 32","Jul 13, 2026 2:01 AM ET",2026-07-14T16:00:00Z,ATP,Hard,3.0,186228.0,Daniel Merida,0.746,0.6698083252466086,0.6472,140.0,72.1,40.9,60.8,False,13.855,11.131,4.61,2.64,0.6656,0.672,0.4852,0.3512,3.947,2.771,-620.0,Skybet,71.5,143.0,True,131.0,True,499.0,73.9,45.5,60.8,51.6,52.3,40.9,42.9,39.4,1338.0,711175.0,Ziga Sesko,0.254,0.3301916747533914,0.3528,405.0,19.0,39.1,3.0,True,11.131,13.855,6.91,3.98,0.6836,0.6691,0.3153,0.2469,6.528,4.147,437.0,FanDuel,18.6,407.0,False,401.0,False,19.8,15.2,3.0,73.5,19.1,39.1,3.4,97.2,0.0,21.45,23.4,19.5,-112.0,-120.0,5.5,-122.5,-111.0,True,,,,,,,,,,,,,,
BESTBET,184092700,,,,,,,,Daniel Merida,,,,,,,,,,,,,,,,,,,,,,,,,,,,,,,,,,,,,Ziga Sesko,,,,,,,,,,,,,,,,,,,,,,,,,,,,,,,,,,,,,,,,,,,,Moneyline,Ziga Sesko,437.0,FanDuel,-620.0,0.7460021030589243,0.8221958808712402,437.0,0.25399789694107566,0.1778041191287598,,0.007273042427539239,D,False
BESTBET,184092700,,,,,,,,Daniel Merida,,,,,,,,,,,,,,,,,,,,,,,,,,,,,,,,,,,,,Ziga Sesko,,,,,,,,,,,,,,,,,,,,,,,,,,,,,,,,,,,,,,,,,,,,Games Spread,Ziga Sesko +5.5,-110.0,DraftKings,-125.0,0.1752,0.5147058823529411,-110.0,0.8248,0.4852941176470589,5.5,0.013203006535947708,D,False
BESTBET,184092700,,,,,,,,Over,,,,,,,,,,,,,,,,,,,,,,,,,,,,,,,,,,,,,Under,,,,,,,,,,,,,,,,,,,,,,,,,,,,,,,,,,,,,,,,,,,,Total Games,Over 19.5,-108.5,DraftKings,-108.5,0.6524,0.48591053187742156,-122.5,0.3476,0.5140894681225785,19.5,0.00506707076894804,D,False
MATCH,184092710,"ATP Umag, Croatia  - Round Of 32","Jul 13, 2026 2:01 AM ET",2026-07-14T16:00:00Z,ATP,Hard,3.0,79481.0,Pablo Carreno Busta,0.7231,0.7372376937727924,0.7238,50.0,90.2,42.9,76.4,False,13.508,10.175,3.07,1.59,0.6617,0.6748,0.5214,0.3672,5.904,3.811,-289.0,BetfairUK,91.2,45.0,True,60.0,True,499.0,88.2,55.5,76.4,25.7,87.6,42.9,71.7,23.8,2579.0,291830.0,Matej Dodig,0.2769,0.26276230622720764,0.2762,337.0,32.7,31.7,89.0,True,10.175,13.508,2.08,2.01,0.6693,0.6522,0.4238,0.3832,8.638,4.982,228.0,FanDuel,33.1,335.0,False,332.0,False,33.7,23.4,89.0,14.4,79.4,31.7,18.0,11.1,101.0,20.47,22.43,18.5,-250.0,160.0,3.5,-150.0,110.0,False,,,,,,,,,,,,,,
BESTBET,184092710,,,,,,,,Pablo Carreno Busta,,,,,,,,,,,,,,,,,,,,,,,,,,,,,,,,,,,,,Matej Dodig,,,,,,,,,,,,,,,,,,,,,,,,,,,,,,,,,,,,,,,,,,,,Moneyline,Pablo Carreno Busta,-289.0,BetfairUK,-289.0,0.7231351979021639,0.7090327020315352,228.0,0.27686480209783615,0.2909672979684648,,0.003846135237444168,D,False
BESTBET,184092710,,,,,,,,Pablo Carreno Busta,,,,,,,,,,,,,,,,,,,,,,,,,,,,,,,,,,,,,Matej Dodig,,,,,,,,,,,,,,,,,,,,,,,,,,,,,,,,,,,,,,,,,,,,Games Spread,Pablo Carreno Busta -3.5,-150.0,DraftKings,-150.0,0.5952,0.5575221238938053,110.0,0.40480000000000005,0.4424778761061947,3.5,0.004186430678466074,D,False
BESTBET,184092710,,,,,,,,Over,,,,,,,,,,,,,,,,,,,,,,,,,,,,,,,,,,,,,Under,,,,,,,,,,,,,,,,,,,,,,,,,,,,,,,,,,,,,,,,,,,,Total Games,Over 18.5,-250.0,DraftKings,-250.0,0.6868,0.6499999999999999,160.0,0.31320000000000003,0.3500000000000001,18.5,0.003199999999999995,D,False
MATCH,186341370,"ATP Gstaad, Switzerland  - Round Of 32","Jul 13, 2026 2:01 AM ET",2026-07-13T10:10:00Z,ATP,Clay,3.0,80405.0,Jurij Rodionov,0.4826,0.5314996072143436,0.5219,172.0,65.7,89.4,85.6,False,13.393,12.62,5.06,2.15,0.5745,0.7438,0.5195,0.3977,5.577,3.696,120.0,FanDuel,65.1,175.0,True,163.0,True,499.0,67.5,84.2,85.6,71.7,67.4,89.4,71.0,14.6,764.0,83629.0,Clement Tabur,0.5174,0.46850039278565636,0.4781,204.0,59.3,56.4,54.5,False,12.62,13.393,3.47,2.24,0.6338,0.6787,0.5079,0.3621,6.351,4.12,-146.0,Skybet,56.3,219.0,True,194.0,True,61.3,61.1,54.5,43.0,65.6,56.4,62.5,45.7,730.0,23.62,23.73,23.5,0.0,-141.0,1.5,115.0,-180.0,False,,,,,,,,,,,,,,
BESTBET,186341370,,,,,,,,Jurij Rodionov,,,,,,,,,,,,,,,,,,,,,,,,,,,,,,,,,,,,,Clement Tabur,,,,,,,,,,,,,,,,,,,,,,,,,,,,,,,,,,,,,,,,,,,,Moneyline,Jurij Rodionov,120.0,FanDuel,120.0,0.4826045285719109,0.43370944992947813,-146.0,0.5173954714280891,0.5662905500705219,,0.02667004289587241,D,False
BESTBET,186341370,,,,,,,,Jurij Rodionov,,,,,,,,,,,,,,,,,,,,,,,,,,,,,,,,,,,,,Clement Tabur,,,,,,,,,,,,,,,,,,,,,,,,,,,,,,,,,,,,,,,,,,,,Games Spread,Jurij Rodionov -1.5,115.0,FanDuel,115.0,0.5061,0.4197901049475262,-180.0,0.4939,0.5802098950524738,1.5,0.019179976678327507,D,False
BESTBET,186341370,,,,,,,,Over,,,,,,,,,,,,,,,,,,,,,,,,,,,,,,,,,,,,,Under,,,,,,,,,,,,,,,,,,,,,,,,,,,,,,,,,,,,,,,,,,,,Total Games,Over 23.5,0.0,BetMGM,0.0,0.5085,0.5,-141.0,0.49150000000000005,0.5,23.5,0.0014782608695652088,D,False
MATCH,186341380,"ATP Gstaad, Switzerland  - Round Of 32","Jul 13, 2026 2:01 AM ET",2026-07-13T11:20:00Z,ATP,Clay,3.0,204840.0,Raphael Collignon,0.7289,0.6171442162467395,0.6073,88.0,82.6,89.0,52.7,False,13.79,12.267,6.12,3.28,0.6404,0.7418,0.49,0.3593,4.453,3.08,-740.0,BetfairUK,82.6,88.0,True,87.0,True,499.0,82.8,85.6,52.7,84.1,30.4,89.0,49.1,47.5,1002.0,81229.0,Timofey Skatov,0.2711,0.38285578375326046,0.3927,189.0,62.3,46.9,62.1,False,12.267,13.79,4.96,1.59,0.6268,0.6642,0.5437,0.368,5.92,3.885,499.0,FanDuel,61.1,195.0,True,178.0,True,64.5,63.3,62.1,69.7,85.4,46.9,83.6,38.2,381.0,21.35,24.21,18.5,-275.0,180.0,1.5,-625.0,365.0,False,,,,,,,,,,,,,,
BESTBET,186341380,,,,,,,,Raphael Collignon,,,,,,,,,,,,,,,,,,,,,,,,,,,,,,,,,,,,,Timofey Skatov,,,,,,,,,,,,,,,,,,,,,,,,,,,,,,,,,,,,,,,,,,,,Moneyline,Timofey Skatov,499.0,FanDuel,-740.0,0.728915012952107,0.8406858096574745,499.0,0.27108498704789297,0.1593141903425255,,0.060965889112018626,B+,True
BESTBET,186341380,,,,,,,,Raphael Collignon,,,,,,,,,,,,,,,,,,,,,,,,,,,,,,,,,,,,,Timofey Skatov,,,,,,,,,,,,,,,,,,,,,,,,,,,,,,,,,,,,,,,,,,,,Games Spread,Timofey Skatov +1.5,365.0,DraftKings,-625.0,0.5925,0.8003442340791738,365.0,0.4075,0.19965576592082623,1.5,0.04618760757314973,C+,False
BESTBET,186341380,,,,,,,,Over,,,,,,,,,,,,,,,,,,,,,,,,,,,,,,,,,,,,,Under,,,,,,,,,,,,,,,,,,,,,,,,,,,,,,,,,,,,,,,,,,,,Total Games,Over 18.5,-275.0,DraftKings,-275.0,0.7613,0.6724890829694323,180.0,0.23870000000000002,0.32751091703056767,18.5,0.01544537687488131,D,False
MATCH,186341390,"ATP Gstaad, Switzerland  - Round Of 32","Jul 13, 2026 2:01 AM ET",2026-07-14T08:30:00Z,ATP,Hard,3.0,87261.0,Jerome Kym,0.5596,0.5355059925327814,0.5329,171.0,65.9,88.3,73.1,False,15.109,14.809,10.76,2.46,0.6325,0.7545,0.5395,0.3633,2.1,1.632,-158.0,BetanoBR,64.7,177.0,True,158.0,True,499.0,68.5,91.4,73.1,97.6,61.2,88.3,84.8,27.2,1151.0,716051.0,Dylan Dietrich,0.4404,0.4644940074672186,0.4671,189.0,62.3,100.0,16.0,True,14.809,15.109,3.2,1.33,0.6156,0.8842,0.5245,0.3041,2.453,1.886,129.0,BetfairUK,61.9,191.0,False,190.0,False,62.1,99.8,16.0,26.1,92.6,100.0,76.1,84.0,0.0,24.08,27.66,20.5,-225.0,150.0,3.5,125.0,-200.0,True,,,,,,,,,,,,,,
BESTBET,186341390,,,,,,,,Jerome Kym,,,,,,,,,,,,,,,,,,,,,,,,,,,,,,,,,,,,,Dylan Dietrich,,,,,,,,,,,,,,,,,,,,,,,,,,,,,,,,,,,,,,,,,,,,Moneyline,Dylan Dietrich,129.0,BetfairUK,-158.0,0.5596280567678267,0.5837501210028718,129.0,0.4403719432321733,0.4162498789971283,,0.0023025606769815823,D,False
BESTBET,186341390,,,,,,,,Jerome Kym,,,,,,,,,,,,,,,,,,,,,,,,,,,,,,,,,,,,,Dylan Dietrich,,,,,,,,,,,,,,,,,,,,,,,,,,,,,,,,,,,,,,,,,,,,Games Spread,Dylan Dietrich +3.5,-200.0,DraftKings,125.0,0.1038,0.39999999999999997,-200.0,0.8962,0.6000000000000001,3.5,0.011518888888888884,D,False
BESTBET,186341390,,,,,,,,Over,,,,,,,,,,,,,,,,,,,,,,,,,,,,,,,,,,,,,Under,,,,,,,,,,,,,,,,,,,,,,,,,,,,,,,,,,,,,,,,,,,,Total Games,Over 20.5,-225.0,DraftKings,-225.0,0.8621,0.6338028169014084,150.0,0.13790000000000002,0.3661971830985916,20.5,0.006948175137783222,D,False
MATCH,186341400,"ATP Gstaad, Switzerland  - Round Of 32","Jul 13, 2026 2:01 AM ET",2026-07-14T08:30:00Z,ATP,Hard,3.0,76939.0,Quentin Halys,0.6213,0.6739293117269087,0.6598,79.0,84.4,93.4,45.3,False,14.258,12.237,10.26,3.04,0.6214,0.7669,0.4851,0.3385,3.12,2.28,-148.0,BetfairUK,83.2,85.0,True,69.0,True,499.0,86.4,84.2,45.3,96.4,39.1,93.4,42.7,54.9,4455.0,597574.0,Federico Cina,0.3787,0.32607068827309127,0.3402,221.0,55.9,58.7,39.5,False,12.237,14.258,3.79,2.19,0.7099,0.7022,0.4827,0.3334,5.195,3.507,121.0,FanDuel,55.5,223.0,True,212.0,True,57.7,68.5,39.5,32.5,73.7,58.7,41.1,60.7,635.0,22.71,24.93,20.5,-240.0,150.0,3.5,140.0,-215.0,False,,,,,,,,,,,,,,
BESTBET,186341400,,,,,,,,Quentin Halys,,,,,,,,,,,,,,,,,,,,,,,,,,,,,,,,,,,,,Federico Cina,,,,,,,,,,,,,,,,,,,,,,,,,,,,,,,,,,,,,,,,,,,,Moneyline,Quentin Halys,-148.0,BetfairUK,-148.0,0.6213424815572708,0.568755651387633,121.0,0.3786575184427292,0.43124434861236693,,0.02868372554707518,D,False
BESTBET,186341400,,,,,,,,Quentin Halys,,,,,,,,,,,,,,,,,,,,,,,,,,,,,,,,,,,,,Federico Cina,,,,,,,,,,,,,,,,,,,,,,,,,,,,,,,,,,,,,,,,,,,,Games Spread,Federico Cina +3.5,-215.0,DraftKings,140.0,0.3767,0.37906137184115524,-215.0,0.6233,0.6209386281588447,3.5,0.0005247492980345017,D,False
BESTBET,186341400,,,,,,,,Over,,,,,,,,,,,,,,,,,,,,,,,,,,,,,,,,,,,,,Under,,,,,,,,,,,,,,,,,,,,,,,,,,,,,,,,,,,,,,,,,,,,Total Games,Over 20.5,-240.0,DraftKings,-240.0,0.6473,0.6382978723404256,150.0,0.3527,0.36170212765957444,20.5,0.0015655874190564213,D,False
MATCH,186849450,"WTA Athens, Greece  - Round Of 32","Jul 13, 2026 2:01 AM ET",2026-07-13T16:50:00Z,WTA,Hard,3.0,265689.0,Martha Matoula,0.5045,0.5044900712897588,0.5082,312.0,47.2,39.3,34.4,True,11.937,12.114,0.0,3.9,0.5855,0.5861,0.4836,0.3959,11.734,5.935,130.0,SportingBet,47.5,310.0,False,323.0,False,589.0,45.3,49.8,34.4,8.3,51.3,39.3,82.1,65.8,24.0,297124.0,Elena Micic,0.4955,0.49550992871024124,0.4918,385.0,34.8,21.1,85.7,False,12.114,11.937,2.93,4.58,0.7434,0.5534,0.4557,0.4474,11.613,5.895,-165.0,SportingBet,34.3,388.0,False,373.0,False,36.8,37.4,85.7,64.0,33.2,21.1,64.6,14.4,174.0,22.17,22.17,,,,,,,True,,,,,,,,,,,,,,
MATCH,186849460,"WTA Athens, Greece  - Round Of 32","Jul 13, 2026 2:01 AM ET",2026-07-13T15:40:00Z,WTA,Hard,3.0,115893.0,Sara Bejlek,0.6618,0.6618368981429632,0.6502,101.0,83.0,54.1,96.9,False,13.026,10.398,1.15,3.73,0.6463,0.6084,0.4687,0.4784,10.061,5.42,-625.0,SportingBet,82.7,103.0,True,92.0,True,589.0,84.6,67.6,96.9,28.0,52.1,54.1,74.4,3.2,1176.0,81205.0,Viktoria Morvayova,0.3382,0.33816310185703685,0.3498,278.0,53.0,59.3,44.7,False,10.398,13.026,2.74,2.91,0.6971,0.614,0.5023,0.4065,11.756,5.823,400.0,SportingBet,52.1,283.0,False,278.0,True,53.0,84.1,44.7,62.3,75.6,59.3,89.3,55.4,249.0,22.3,22.3,,,,,,,False,,,,,,,,,,,,,,
MATCH,186849470,"WTA Athens, Greece  - Round Of 32","Jul 13, 2026 2:01 AM ET",2026-07-13T14:30:00Z,WTA,Hard,3.0,597164.0,Lilli Tagger,0.6441,0.64407090280291,0.6376,174.0,70.6,74.0,61.2,False,13.006,11.016,3.36,2.61,0.7055,0.6335,0.4229,0.4207,8.236,4.846,-5000.0,SportingBet,68.8,185.0,True,149.0,True,589.0,74.9,78.5,61.2,73.3,81.5,74.0,45.8,39.0,1996.0,80714.0,Marianne Argyrokastriti,0.3559,0.35592909719709,0.3624,,,,,True,11.016,13.006,5.22,3.43,0.6315,0.6826,0.4833,0.3908,9.735,5.392,1100.0,SportingBet,,,False,,False,,,,,,,,,0.0,22.81,22.81,,,,,,,True,,,,,,,,,,,,,,
MATCH,186849480,"WTA Athens, Greece  - Round Of 32","Jul 13, 2026 2:01 AM ET",2026-07-14T13:00:00Z,WTA,Hard,3.0,81211.0,Miriana Tona,0.5165,0.5165232839424432,0.5274,413.0,30.1,12.8,67.0,False,11.819,12.316,2.6,4.88,0.6574,0.5276,0.3728,0.4262,11.266,5.804,100.0,SportingBet,29.4,417.0,False,404.0,True,589.0,31.6,10.7,67.0,57.8,26.8,12.8,21.9,33.2,316.0,80309.0,Sapfo Sakellaridi,0.4835,0.4834767160575569,0.4726,,,,,True,12.316,11.819,5.31,3.49,0.6315,0.6826,0.4833,0.3908,10.962,5.743,-130.0,SportingBet,,,False,,False,,,,,,,,,0.0,22.31,22.31,,,,,,,True,,,,,,,,,,,,,,
MATCH,186849490,"WTA Athens, Greece  - Round Of 32","Jul 13, 2026 2:01 AM ET",2026-07-14T13:00:00Z,WTA,Hard,3.0,77390.0,Clara Tauson,0.7232,0.7232043962627753,0.7059,71.0,88.1,95.4,66.6,False,13.217,9.461,6.55,3.73,0.6264,0.6897,0.4683,0.4259,8.314,4.795,-300.0,SportingBet,87.6,74.0,True,67.0,True,589.0,88.8,94.0,66.6,97.8,47.4,95.4,74.3,33.6,4073.0,77036.0,Nao Hibino,0.2768,0.27679560373722467,0.2941,301.0,49.1,13.1,38.0,False,9.461,13.217,1.65,3.18,0.7174,0.5293,0.5175,0.4002,10.911,5.572,225.0,SportingBet,48.9,302.0,True,302.0,True,48.9,36.1,38.0,40.4,65.1,13.1,93.5,62.2,899.0,21.85,21.85,,,,,,,False,,,,,,,,,,,,,,
MATCH,186849500,"ATP Umag, Croatia  - Round Of 32","Jul 13, 2026 2:01 AM ET",2026-07-14T14:00:00Z,ATP,Hard,3.0,182018.0,Federico Agustin Gomez,0.5759,0.6168235052704458,0.5813,239.0,52.3,71.1,68.3,False,13.392,9.949,7.14,4.52,0.6295,0.7203,0.4547,0.3576,6.326,3.984,-128.0,BetanoBR,51.5,243.0,True,224.0,True,499.0,55.3,54.3,68.3,79.0,6.7,71.1,27.9,31.8,721.0,629474.0,Niels McDonald,0.4241,0.3831764947295542,0.4187,486.0,2.8,0.6,11.8,True,9.949,13.392,0.0,5.09,0.5857,0.4903,0.4065,0.2928,9.068,5.101,105.0,DraftKings,3.0,485.0,False,488.0,False,2.4,1.2,11.8,2.1,4.2,0.6,13.2,88.4,85.0,20.99,21.49,20.5,-185.0,125.0,3.5,135.0,-200.0,False,,,,,,,,,,,,,,
BESTBET,186849500,,,,,,,,Federico Agustin Gomez,,,,,,,,,,,,,,,,,,,,,,,,,,,,,,,,,,,,,Niels McDonald,,,,,,,,,,,,,,,,,,,,,,,,,,,,,,,,,,,,,,,,,,,,Moneyline,Federico Agustin Gomez,-128.0,DraftKings,-128.0,0.5759484573660549,0.5350734094616639,105.0,0.42405154263394507,0.46492659053833607,,0.011147740337561182,D,False
BESTBET,186849500,,,,,,,,Federico Agustin Gomez,,,,,,,,,,,,,,,,,,,,,,,,,,,,,,,,,,,,,Niels McDonald,,,,,,,,,,,,,,,,,,,,,,,,,,,,,,,,,,,,,,,,,,,,Games Spread,Federico Agustin Gomez -3.5,135.0,DraftKings,135.0,0.6159,0.38961038961038963,-200.0,0.3841,0.6103896103896104,3.5,0.025143290043290044,D,False
BESTBET,186849500,,,,,,,,Over,,,,,,,,,,,,,,,,,,,,,,,,,,,,,,,,,,,,,Under,,,,,,,,,,,,,,,,,,,,,,,,,,,,,,,,,,,,,,,,,,,,Total Games,Under 20.5,125.0,DraftKings,-185.0,0.4646,0.5935828877005348,125.0,0.5354,0.4064171122994652,20.5,0.011215903278307373,D,False
MATCH,186849510,"ATP Umag, Croatia  - Round Of 32","Jul 13, 2026 2:01 AM ET",2026-07-14T14:00:00Z,ATP,Hard,3.0,77610.0,Fabian Marozsan,0.7538,0.7529401086510625,0.73,51.0,90.0,59.7,64.3,False,13.464,9.249,4.05,1.99,0.661,0.7045,0.5049,0.354,4.976,3.299,-378.0,DraftKings,89.8,52.0,True,50.0,True,499.0,90.2,66.7,64.3,44.3,72.2,59.7,59.0,35.9,4305.0,347224.0,Juan Carlos Prado Angelo,0.2462,0.24705989134893747,0.27,275.0,45.1,3.0,23.8,True,9.249,13.464,0.0,0.0,0.5622,0.5271,0.4595,0.3174,8.482,4.826,289.0,BetanoBR,44.9,276.0,False,277.0,False,44.7,4.4,23.8,2.1,99.1,3.0,30.5,76.4,84.0,20.02,21.54,18.5,-240.0,150.0,1.5,-350.0,215.0,False,,,,,,,,,,,,,,
BESTBET,186849510,,,,,,,,Fabian Marozsan,,,,,,,,,,,,,,,,,,,,,,,,,,,,,,,,,,,,,Juan Carlos Prado Angelo,,,,,,,,,,,,,,,,,,,,,,,,,,,,,,,,,,,,,,,,,,,,Moneyline,Juan Carlos Prado Angelo,289.0,DraftKings,-378.0,0.7538065628811815,0.7546730171113005,289.0,0.24619343711881847,0.24532698288869959,,0.00023630569912336252,D,False
BESTBET,186849510,,,,,,,,Fabian Marozsan,,,,,,,,,,,,,,,,,,,,,,,,,,,,,,,,,,,,,Juan Carlos Prado Angelo,,,,,,,,,,,,,,,,,,,,,,,,,,,,,,,,,,,,,,,,,,,,Games Spread,Fabian Marozsan -1.5,-350.0,DraftKings,-350.0,0.8468,0.7101449275362318,215.0,0.1532,0.2898550724637682,1.5,0.0151838969404187,D,False
BESTBET,186849510,,,,,,,,Over,,,,,,,,,,,,,,,,,,,,,,,,,,,,,,,,,,,,,Under,,,,,,,,,,,,,,,,,,,,,,,,,,,,,,,,,,,,,,,,,,,,Total Games,Under 18.5,150.0,DraftKings,-240.0,0.6249,0.6382978723404256,150.0,0.3751,0.36170212765957444,18.5,0.001165032377428309,D,False
MATCH,186849520,"ATP Umag, Croatia  - Round Of 32","Jul 13, 2026 2:01 AM ET",2026-07-14T14:00:00Z,ATP,Hard,3.0,82156.0,Camilo Ugo Carabelli,0.6819,0.6554860480548202,0.648,90.0,82.2,45.1,24.8,False,13.903,12.163,3.64,2.68,0.58,0.6797,0.4714,0.319,4.225,2.958,-288.0,DraftKings,83.4,84.0,True,101.0,True,499.0,80.0,34.9,24.8,32.3,55.0,45.1,35.3,75.4,2586.0,163223.0,Marko ToPo,0.3181,0.34451395194517975,0.352,284.0,43.3,47.0,16.4,False,12.163,13.903,3.53,2.56,0.5667,0.682,0.5264,0.3041,5.907,3.872,227.0,FanDuel,41.7,292.0,True,279.0,False,44.3,49.3,16.4,28.6,62.0,47.0,77.6,84.0,478.0,21.45,24.41,18.5,-250.0,160.0,1.5,-250.0,160.0,False,,,,,,,,,,,,,,
BESTBET,186849520,,,,,,,,Camilo Ugo Carabelli,,,,,,,,,,,,,,,,,,,,,,,,,,,,,,,,,,,,,Marko ToPo,,,,,,,,,,,,,,,,,,,,,,,,,,,,,,,,,,,,,,,,,,,,Moneyline,Marko ToPo,227.0,FanDuel,-288.0,0.6818520361799789,0.7082180243051377,227.0,0.3181479638200211,0.2917819756948622,,0.014381448068268424,D,False
BESTBET,186849520,,,,,,,,Camilo Ugo Carabelli,,,,,,,,,,,,,,,,,,,,,,,,,,,,,,,,,,,,,Marko ToPo,,,,,,,,,,,,,,,,,,,,,,,,,,,,,,,,,,,,,,,,,,,,Games Spread,Marko ToPo +1.5,160.0,DraftKings,-250.0,0.6233,0.6499999999999999,160.0,0.37670000000000003,0.3500000000000001,1.5,0.005933333333333322,D,False
BESTBET,186849520,,,,,,,,Over,,,,,,,,,,,,,,,,,,,,,,,,,,,,,,,,,,,,,Under,,,,,,,,,,,,,,,,,,,,,,,,,,,,,,,,,,,,,,,,,,,,Total Games,Over 18.5,-250.0,DraftKings,-250.0,0.7721,0.6499999999999999,160.0,0.2279,0.3500000000000001,18.5,0.021234782608695667,D,False
MATCH,186849530,"ATP Umag, Croatia  - Round Of 32","Jul 13, 2026 2:01 AM ET",2026-07-14T14:00:00Z,ATP,Hard,3.0,185238.0,Roman Andres Burruchaga,0.6051,0.5729913131543608,0.5244,161.0,67.9,21.8,97.9,False,14.095,11.072,2.51,3.66,0.6887,0.632,0.461,0.4103,2.793,2.06,-201.0,BetanoBR,68.9,156.0,True,170.0,True,499.0,66.1,25.5,97.9,20.4,16.5,21.8,31.5,2.3,836.0,78856.0,Marco Cecchinato,0.3949,0.4270086868456392,0.4756,178.0,64.5,33.1,0.4,True,11.072,14.095,3.75,3.39,0.6193,0.6557,0.4805,0.1273,5.796,3.771,163.0,FanDuel,65.7,172.0,True,193.0,True,61.5,33.1,0.4,33.4,32.1,33.1,39.9,99.8,110.0,22.3,23.09,21.5,-142.5,-2.5,3.5,-106.0,-130.0,False,,,,,,,,,,,,,,
BESTBET,186849530,,,,,,,,Roman Andres Burruchaga,,,,,,,,,,,,,,,,,,,,,,,,,,,,,,,,,,,,,Marco Cecchinato,,,,,,,,,,,,,,,,,,,,,,,,,,,,,,,,,,,,,,,,,,,,Moneyline,Marco Cecchinato,163.0,FanDuel,-201.0,0.6050894875620774,0.6371876619697938,163.0,0.39491051243792263,0.36281233803020624,,0.00875404756574085,D,False
BESTBET,186849530,,,,,,,,Roman Andres Burruchaga,,,,,,,,,,,,,,,,,,,,,,,,,,,,,,,,,,,,,Marco Cecchinato,,,,,,,,,,,,,,,,,,,,,,,,,,,,,,,,,,,,,,,,,,,,Games Spread,Roman Andres Burruchaga -3.5,-106.0,DraftKings,-106.0,0.5132,0.4765441751368256,-130.0,0.4868,0.5234558248631744,3.5,0.004072869429241603,D,False
BESTBET,186849530,,,,,,,,Over,,,,,,,,,,,,,,,,,,,,,,,,,,,,,,,,,,,,,Under,,,,,,,,,,,,,,,,,,,,,,,,,,,,,,,,,,,,,,,,,,,,Total Games,Under 21.5,-2.5,DraftKings,-142.5,0.4591,0.5,-2.5,0.5408999999999999,0.5,21.5,0.0035565217391304296,D,False
